Workbook
Name ABANG: [1]DAT2!#REF!
Name ABANG: [2]DAT2!#REF!
Name ABANG: [3]DAT2!#REF!
Name ABANG: [4]DAT2!#REF!
Name ABANG: [5]DAT2!#REF!
Name ABANG: [6]DAT2!#REF!
Name ABANG: [7]DAT2!#REF!
Name ABANG: [8]DAT2!#REF!
Name ABANG: [9]DAT2!#REF!
Name ABANG: [10]DAT2!#REF!
Name ABANG: [11]DAT2!#REF!
Name ACOS: [1]DAT2!#REF!
Name ACOS: [2]DAT2!#REF!
Name ACOS: [3]DAT2!#REF!
Name ACOS: [4]DAT2!#REF!
Name ACOS: [5]DAT2!#REF!
Name ACOS: [6]DAT2!#REF!
Name ACOS: [7]DAT2!#REF!
Name ACOS: [8]DAT2!#REF!
Name ACOS: [9]DAT2!#REF!
Name ACOS: [10]DAT2!#REF!
Name ACOS: [11]DAT2!#REF!
Name ALAJU: [1]DAT2!#REF!
Name ALAJU: [2]DAT2!#REF!
Name ALAJU: [3]DAT2!#REF!
Name ALAJU: [4]DAT2!#REF!
Name ALAJU: [5]DAT2!#REF!
Name ALAJU: [6]DAT2!#REF!
Name ALAJU: [7]DAT2!#REF!
Name ALAJU: [8]DAT2!#REF!
Name ALAJU: [9]DAT2!#REF!
Name ALAJU: [10]DAT2!#REF!
Name ALAJU: [11]DAT2!#REF!
Name ALAJUE: [1]DAT2!#REF!
Name ALAJUE: [2]DAT2!#REF!
Name ALAJUE: [3]DAT2!#REF!
Name ALAJUE: [4]DAT2!#REF!
Name ALAJUE: [5]DAT2!#REF!
Name ALAJUE: [6]DAT2!#REF!
Name ALAJUE: [7]DAT2!#REF!
Name ALAJUE: [8]DAT2!#REF!
Name ALAJUE: [9]DAT2!#REF!
Name ALAJUE: [10]DAT2!#REF!
Name ALAJUE: [11]DAT2!#REF!
Name ALVA: [1]DAT2!#REF!
Name ALVA: [2]DAT2!#REF!
Name ALVA: [3]DAT2!#REF!
Name ALVA: [4]DAT2!#REF!
Name ALVA: [5]DAT2!#REF!
Name ALVA: [6]DAT2!#REF!
Name ALVA: [7]DAT2!#REF!
Name ALVA: [8]DAT2!#REF!
Name ALVA: [9]DAT2!#REF!
Name ALVA: [10]DAT2!#REF!
Name ALVA: [11]DAT2!#REF!
Name ASERR: [1]DAT2!#REF!
Name ASERR: [2]DAT2!#REF!
Name ASERR: [3]DAT2!#REF!
Name ASERR: [4]DAT2!#REF!
Name ASERR: [5]DAT2!#REF!

Sheet D16 Desamparados Norte
A1: PROGRAMA | B1: D16 DESAMPARADOS NORTE | C1: META | D1: AVANCE | E1: ENERO | F1: FEBRERO | G1: MARZO | H1: ABRIL | I1: MAYO | J1: JUNIO | K1: JULIO | L1: AGOSTO | M1: SEPTIEMBRE | N1: OCTUBRE | O1: NOVIEMBRE | P1: DICIEMBRE
C2: 2026 | D2: Porcentual
A3: PSCC | B3: Cuatro actividades de recuperación de espacios públicos, con las comunidades integradas al Programa de Seguridad Comunitaria, que se localicen, en los distritos que contemplan las área georreferenciadas del informe territorial de la Estrategia Sembremos Seguridad 2024, dos por año, una por semestre. | C3: 2 | D3: =SUM(E3:P3) -> 2 | F3: 1 | G3: 1
A4: GREAT/MPAS/DARE | B4: Realizar 4 procesos formativos (Cursos de la oferta de los programas DARE - GREAT - MPAS) en Centros Educativos, 2 por año, dentro de los distritos que contemplan las áreas georreferenciadas del informe territorial de la Estrategia Sembremos Seguridad 2024. Un curso diferente por semestre, un nivel completo. En caso de no contar con instructor acreditado DARE, se puede cumplir la meta con las charlas de Habilidades para la vida DARE, con el aval del Coordinador Nacional. | C4: 2 | D4: =SUM(E4:P4) -> 0 | E4: 0 | F4: 0 | G4: 0 | H4: 0
A5: DARE | B5: Cubrir 4 procesos formativos en Centros Educativos (dos por año) ubicados dentro de los distritos que contemplan las áreas georreferenciadas del informe territorial de la Estrategia Sembremos Seguridad 2024, con los cursos del Programa DARE: , Curso primaria. Curso Secundaria; un nivel completo por centro educativo, por semestre. En caso de no contar con instructor acreditado, se puede cumplir la meta con las charlas de Habilidades para la vida DARE, con el aval del Coordinador Nacional. | C5: 2 | D5: =SUM(E5:P5) -> 1 | E5: 0 | F5: 0 | G5: 0 | H5: 1
A6: PSCC | B6: Dos estrategias de divulgación (Por medio de brochures, post o imágenes en redes sociales) en el tema del procedimiento para realizar una "Denuncia de ventas de drogas" dirigidas a las comunidades integradas al Programa de Seguridad Comunitaria que se localicen, en los distritos que contemplan las área georreferenciadas del informe territorial de la Estrategia Sembremos Seguridad 2024, una por año. | C6: 1 | D6: =SUM(E6:P6) -> 1 | G6: 1
A7: PSCC | B7: Cuatro capacitaciones, en el tema de "Denuncia a búnkers", dirigidas a las comunidades integradas al Programa de Seguridad Comunitaria que se localicen, en los distritos que contemplan las área georreferenciadas del informe territorial de la Estrategia Sembremos Seguridad 2024, dos por año, una por semestre. | C7: 2 | D7: =SUM(E7:P7) -> 0
A8: PSCC | B8: Dos estrategias de divulgación (Por medio de brochures, post o imágenes en redes sociales) en el tema del procedimiento para realizar una "Denuncia de búnkers" dirigidas a las comunidades integradas al Programa de Seguridad Comunitaria que se localicen, en los distritos que contemplan las área georreferenciadas del informe territorial de la Estrategia Sembremos Seguridad 2024, una por año. | C8: 1 | D8: =SUM(E8:P8) -> 0
A9: PLAN DE POLITICA LOCAL E IMPLEMENTACIÓN DE LA POLITICA LOCAL DE SEGURIDAD | B9: Conformación Comité | C9: 3 | D9: =SUM(E9:P9) -> 1 | F9: 1
B10: Conformación de Comercio | C10: 0 | D10: =SUM(E10:P10) -> 0
B11: Reuniones-Jefaturas | C11: 84 | D11: =SUM(E11:P11) -> 17 | E11: 5 | F11: 6 | G11: 3 | I11: 3
B12: Campañas de divulgación | C12: 63 | D12: =SUM(E12:P12) -> 0
B13: Capacitaciones | C13: 9 | D13: =SUM(E13:P13) -> 0
B14: Charlas | C14: 0 | D14: =SUM(E14:P14) -> 0
B15: Talleres | C15: 0 | D15: =SUM(E15:P15) -> 0
B16: Sensibilización | C16: 0 | D16: =SUM(E16:P16) -> 0
B17: Actividades deportivas | C17: 0 | D17: =SUM(E17:P17) -> 0
B18: Cine en mi Barrio | C18: 0 | D18: =SUM(E18:P18) -> 0
B19: Cívico-policial | C19: 0 | D19: =SUM(E19:P19) -> 0
B20: Actividades culturales | C20: 0 | D20: =SUM(E20:P20) -> 0
B21: Ferias | C21: 0 | D21: =SUM(E21:P21) -> 0
B22: Stand informativo | C22: 0 | D22: =SUM(E22:P22) -> 0
B23: Visitas | C23: 96 | D23: =SUM(E23:P23) -> 36 | H23: 36
B24: Recuperación del espacio público | C24: 0 | D24: =SUM(E24:P24) -> 0
B25: Convocatoria de Mesas Locales | C25: 8 | D25: =SUM(E25:P25) -> 0
B26: Exposición Informe Territorial ESS | C26: 8 | D26: =SUM(E26:P26) -> 0
B27: Primera Sesión de Trabajo | C27: 8 | D27: =SUM(E27:P27) -> 0
B28: Segunda Sesión - Conformación Secretaria Técnica | C28: 8 | D28: =SUM(E28:P28) -> 0
B29: Tercera Sesión | C29: 8 | D29: =SUM(E29:P29) -> 0
B30: Elaboracióin del Texto de la Política Local | C30: 1 | D30: =SUM(E30:P30) -> 0
B31: Revisión Técnica DPPP | C31: 1 | D31: =SUM(E31:P31) -> 0
B32: Revisión Area Legal Gobierno Local | C32: 1 | D32: =SUM(E32:P32) -> 0
B33: Incorporación de Observaciones | C33: 1 | D33: =SUM(E33:P33) -> 0
B34: Aval del Director Regional | C34: 1 | D34: =SUM(E34:P34) -> 0
B35: Presentación al Consejo Municipal | C35: 1 | D35: =SUM(E35:P35) -> 0
B36: Presentación ante la Comunidad por parte del Director Regional y Alcalde | C36: 1 | D36: =SUM(E36:P36) -> 0
C37: =SUM(C3:C36) -> 312 | D37: =SUM(D3:D36) -> 58
D38: =D37/C37 -> 0.18589744

Sheet D17 Desamparados Sur
A1: PROGRAMA | B1: D17 DESAMPARADOS SUR | C1: META | D1: AVANCE | E1: ENERO | F1: FEBRERO | G1: MARZO | H1: ABRIL | I1: MAYO | J1: JUNIO | K1: JULIO | L1: AGOSTO | M1: SEPTIEMBRE | N1: OCTUBRE | O1: NOVIEMBRE | P1: DICIEMBRE
C2: 2026 | D2: Porcentual
A3: PSCC | B3: Cuatro actividades de recuperación de espacios públicos, con las comunidades integradas al Programa de Seguridad Comunitaria, que se localicen, en los distritos que contemplan las área georreferenciadas del informe territorial de la Estrategia Sembremos Seguridad 2024, dos por año, una por semestre. | C3: 2 | D3: =SUM(E3:P3) -> 1 | H3: 1
A4: GREAT/MPAS/DARE | B4: Realizar 4 procesos formativos (Cursos de la oferta de los programas DARE - GREAT - MPAS) en Centros Educativos, 2 por año, dentro de los distritos que contemplan las áreas georreferenciadas del informe territorial de la Estrategia Sembremos Seguridad 2024. Un curso diferente por semestre, un nivel completo. En caso de no contar con instructor acreditado DARE, se puede cumplir la meta con las charlas de Habilidades para la vida DARE, con el aval del Coordinador Nacional. | C4: 2 | D4: =SUM(E4:P4) -> 0 | E4: 0 | F4: 0 | G4: 0 | H4: 0
A5: DARE | B5: Cubrir 4 procesos formativos en Centros Educativos (dos por año) ubicados dentro de los distritos que contemplan las áreas georreferenciadas del informe territorial de la Estrategia Sembremos Seguridad 2024, con los cursos del Programa DARE: , Curso primaria. Curso Secundaria; un nivel completo por centro educativo, por semestre. En caso de no contar con instructor acreditado, se puede cumplir la meta con las charlas de Habilidades para la vida DARE, con el aval del Coordinador Nacional. | C5: 2 | D5: =SUM(E5:P5) -> 0 | E5: 0 | F5: 0 | G5: 0 | H5: 0
A6: PSCC | B6: Dos estrategias de divulgación (Por medio de brochures, post o imágenes en redes sociales) en el tema del procedimiento para realizar una "Denuncia de ventas de drogas" dirigidas a las comunidades integradas al Programa de Seguridad Comunitaria que se localicen, en los distritos que contemplan las área georreferenciadas del informe territorial de la Estrategia Sembremos Seguridad 2024, una por año. | C6: 1 | D6: =SUM(E6:P6) -> 0
A7: PSCC | B7: Cuatro capacitaciones, en el tema de "Denuncia a búnkers", dirigidas a las comunidades integradas al Programa de Seguridad Comunitaria que se localicen, en los distritos que contemplan las área georreferenciadas del informe territorial de la Estrategia Sembremos Seguridad 2024, dos por año, una por semestre. | C7: 2 | D7: =SUM(E7:P7) -> 3 | E7: 2 | H7: 1
A8: PSCC | B8: Dos estrategias de divulgación (Por medio de brochures, post o imágenes en redes sociales) en el tema del procedimiento para realizar una "Denuncia de búnkers" dirigidas a las comunidades integradas al Programa de Seguridad Comunitaria que se localicen, en los distritos que contemplan las área georreferenciadas del informe territorial de la Estrategia Sembremos Seguridad 2024, una por año. | C8: 1 | D8: =SUM(E8:P8) -> 0
A9: PLAN DE POLITICA LOCAL E IMPLEMENTACIÓN DE LA POLITICA LOCAL DE SEGURIDAD | B9: Conformación Comité | C9: 3 | D9: =SUM(E9:P9) -> 1 | J9: 1
B10: Conformación de Comercio | C10: 3 | D10: =SUM(E10:P10) -> 0
B11: Reuniones-Jefaturas | C11: 24 | D11: =SUM(E11:P11) -> 18 | F11: 4 | G11: 4 | I11: 6 | J11: 4
B12: Campañas de divulgación | C12: 0 | D12: =SUM(E12:P12) -> 0
B13: Capacitaciones | C13: 11 | D13: =SUM(E13:P13) -> 7 | E13: 2 | H13: 2 | I13: 3
B14: Charlas | C14: 5 | D14: =SUM(E14:P14) -> 0
B15: Talleres | C15: 0 | D15: =SUM(E15:P15) -> 0
B16: Sensibilización | C16: 2 | D16: =SUM(E16:P16) -> 0
B17: Actividades deportivas | C17: 0 | D17: =SUM(E17:P17) -> 0
B18: Cine en mi Barrio | C18: 2 | D18: =SUM(E18:P18) -> 0
B19: Cívico-policial | C19: 2 | D19: =SUM(E19:P19) -> 0
B20: Actividades culturales | C20: 0 | D20: =SUM(E20:P20) -> 0
B21: Ferias | C21: 0 | D21: =SUM(E21:P21) -> 0
B22: Stand informativo | C22: 0 | D22: =SUM(E22:P22) -> 0
B23: Visitas | C23: 64 | D23: =SUM(E23:P23) -> 16 | E23: 16
B24: Recuperación del espacio público | C24: 2 | D24: =SUM(E24:P24) -> 0
B25: Convocatoria de Mesas Locales | C25: 5 | D25: =SUM(E25:P25) -> 0
B26: Exposición Informe Territorial ESS | C26: 5 | D26: =SUM(E26:P26) -> 0
B27: Primera Sesión de Trabajo | C27: 5 | D27: =SUM(E27:P27) -> 0
B28: Segunda Sesión - Conformación Secretaria Técnica | C28: 5 | D28: =SUM(E28:P28) -> 0
B29: Tercera Sesión | C29: 5 | D29: =SUM(E29:P29) -> 0
B30: Elaboracióin del Texto de la Política Local | C30: 1 | D30: =SUM(E30:P30) -> 0
B31: Revisión Técnica DPPP | C31: 1 | D31: =SUM(E31:P31) -> 0
B32: Revisión Area Legal Gobierno Local | C32: 1 | D32: =SUM(E32:P32) -> 0
B33: Incorporación de Observaciones | C33: 1 | D33: =SUM(E33:P33) -> 0
B34: Aval del Director Regional | C34: 1 | D34: =SUM(E34:P34) -> 0
B35: Presentación al Consejo Municipal | C35: 1 | D35: =SUM(E35:P35) -> 0
B36: Presentación ante la Comunidad por parte del Director Regional y Alcalde | C36: 1 | D36: =SUM(E36:P36) -> 0
C37: =SUM(C3:C36) -> 160 | D37: =SUM(D3:D36) -> 46
D38: =D37/C37 -> 0.2875

Sheet D18 Aserrí
A1: PROGRAMA | B1: D18 ASERRÍ | C1: META | D1: AVANCE | E1: ENERO | F1: FEBRERO | G1: MARZO | H1: ABRIL | I1: MAYO | J1: JUNIO | K1: JULIO | L1: AGOSTO | M1: SEPTIEMBRE | N1: OCTUBRE | O1: NOVIEMBRE | P1: DICIEMBRE
C2: 2026 | D2: Porcentual
A3: PSCC | B3: Cuatro actividades de recuperación de espacios públicos, con las comunidades integradas al Programa de Seguridad Comunitaria, que se localicen, en los distritos que contemplan las área georreferenciadas del informe territorial de la Estrategia Sembremos Seguridad 2024, dos por año, una por semestre. | C3: 2 | D3: =SUM(E3:P3) -> 1 | I3: 1
A4: GREAT/MPAS/DARE | B4: Realizar 4 procesos formativos (Cursos de la oferta de los programas DARE - GREAT - MPAS) en Centros Educativos, 2 por año, dentro de los distritos que contemplan las áreas georreferenciadas del informe territorial de la Estrategia Sembremos Seguridad 2024. Un curso diferente por semestre, un nivel completo. En caso de no contar con instructor acreditado DARE, se puede cumplir la meta con las charlas de Habilidades para la vida DARE, con el aval del Coordinador Nacional. | C4: 2 | D4: =SUM(E4:P4) -> 1 | E4: 0 | F4: 0 | G4: 0 | H4: 0 | I4: 1
A5: DARE | B5: Cubrir 2 procesos formativos en Centros Educativos (uno por año) ubicados dentro de los distritos que contemplan las áreas georreferenciadas del informe territorial de la Estrategia Sembremos Seguridad 2024, con los cursos del Programa DARE: , Curso primaria. Curso Secundaria; un nivel completo por centro educativo, por semestre. En caso de no contar con instructor acreditado, se puede cumplir la meta con las charlas de Habilidades para la vida DARE, con el aval del Coordinador Nacional. | C5: 1 | D5: =SUM(E5:P5) -> 1 | E5: 0 | F5: 0 | G5: 0 | H5: 1
A6: PSCC | B6: Cuatro comercios capacitados e integrados al Programa de Seguridad Comercial que se localicen, en los distritos que contemplan las área georreferenciadas del informe territorial de la Estrategia Sembremos Seguridad 2024, dos por año, una por semestre. | C6: 2 | D6: =SUM(E6:P6) -> 1 | H6: 1
A7: PSCC | B7: Cuatro estrategias de divulgación (Por medio de brochures, post o imágenes en redes sociales) diseñadas por la Estrategia de divulgación de la Dirección de Programas Policiales Preventivos, en el tema de "Prevención del Consumo de alcohol en vía pública" dirigidas a las comunidades integradas al Programa de Seguridad Comunitaria y a los comercios integrados al Programa de Seguridad Comercial que se localicen, en los distritos que contemplan las área georreferenciadas del informe territorial de la Estrategia Sembremos Seguridad 2024, dos por año. | C7: 2 | D7: =SUM(E7:P7) -> 0
A8: PSCC | B8: Dos estrategias de divulgación (Por medio de brochures, post o imágenes en redes sociales) en el tema del procedimiento para realizar una "Denuncia de ventas de drogas" diseñadas por la Estrategia de divulgación de la Dirección de Programas Policiales Preventivos dirigidas a las comunidades integradas al Programa de Seguridad Comunitaria que se localicen, en los distritos que contemplan las área georreferenciadas del informe territorial de la Estrategia Sembremos Seguridad 2024, una por año. | C8: 1 | D8: =SUM(E8:P8) -> 1 | F8: 1
A9: PSCC | B9: Dos capacitaciones, en el tema de "Cultura Preventiva", dirigidas a las comunidades integradas al Programa de Seguridad Comunitaria que se localicen, en los distritos que contemplan las área georreferenciadas del informe territorial de la Estrategia Sembremos Seguridad 2024, una por año. | C9: 1 | D9: =SUM(E9:P9) -> 0
A10: PSCC | B10: Cuatro capacitaciones, en el tema de Denuncia, dirigidas a las comunidades integradas al Programa de Seguridad Comunitaria, que se localicen, en los distritos que contemplan las área georreferenciadas del informe territorial de la Estrategia Sembremos Seguridad 2024, dos por año, una por semestre. | C10: 2 | D10: =SUM(E10:P10) -> 1 | G10: 1
A11: PLAN DE POLITICA LOCAL E IMPLEMENTACIÓN DE LA POLITICA LOCAL DE SEGURIDAD | B11: Conformación Comité | C11: 3 | D11: =SUM(E11:P11) -> 1 | F11: 1
B12: Conformación de Comercio | C12: 3 | D12: =SUM(E12:P12) -> 3 | I12: 3
B13: Reuniones-Jefaturas | C13: 48 | D13: =SUM(E13:P13) -> 16 | F13: 11 | I13: 5
B14: Campañas de divulgación | C14: 34 | D14: =SUM(E14:P14) -> 6 | H14: 6
B15: Capacitaciones | C15: 3 | D15: =SUM(E15:P15) -> 0
B16: Charlas | C16: 16 | D16: =SUM(E16:P16) -> 0
B17: Talleres | C17: 0 | D17: =SUM(E17:P17) -> 0
B18: Sensibilización | C18: 3 | D18: =SUM(E18:P18) -> 1 | F18: 1
B19: Actividades deportivas | C19: 0 | D19: =SUM(E19:P19) -> 0
B20: Cine en mi Barrio | C20: 0 | D20: =SUM(E20:P20) -> 0
B21: Cívico-policial | C21: 0 | D21: =SUM(E21:P21) -> 0
B22: Actividades culturales | C22: 0 | D22: =SUM(E22:P22) -> 0
B23: Ferias | C23: 0 | D23: =SUM(E23:P23) -> 0
B24: Stand informativo | C24: 0 | D24: =SUM(E24:P24) -> 0
B25: Visitas | C25: 31 | D25: =SUM(E25:P25) -> 26 | E25: 15 | G25: 2 | H25: 9
B26: Recuperación del espacio público | C26: 1 | D26: =SUM(E26:P26) -> 0
B27: Convocatoria de Mesas Locales | C27: 7 | D27: =SUM(E27:P27) -> 7 | E27: 6 | F27: 1
B28: Exposición Informe Territorial ESS | C28: 7 | D28: =SUM(E28:P28) -> 7 | G28: 6 | H28: 1
B29: Primera Sesión de Trabajo | C29: 7 | D29: =SUM(E29:P29) -> 6 | H29: 4 | I29: 2
B30: Segunda Sesión - Conformación Secretaria Técnica | C30: 7 | D30: =SUM(E30:P30) -> 4 | I30: 4
B31: Tercera Sesión | C31: 7 | D31: =SUM(E31:P31) -> 0
B32: Elaboracióin del Texto de la Política Local | C32: 1 | D32: =SUM(E32:P32) -> 0
B33: Revisión Técnica DPPP | C33: 1 | D33: =SUM(E33:P33) -> 0
B34: Revisión Area Legal Gobierno Local | C34: 1 | D34: =SUM(E34:P34) -> 0
B35: Incorporación de Observaciones | C35: 1 | D35: =SUM(E35:P35) -> 0
B36: Aval del Director Regional | C36: 1 | D36: =SUM(E36:P36) -> 0
B37: Presentación al Consejo Municipal | C37: 1 | D37: =SUM(E37:P37) -> 0
B38: Presentación ante la Comunidad por parte del Director Regional y Alcalde | C38: 1 | D38: =SUM(E38:P38) -> 0
C39: =SUM(C3:C38) -> 197 | D39: =SUM(D3:D38) -> 83
D40: =D39/C39 -> 0.4213198

Sheet D19 Acosta
A1: PROGRAMA | B1: D19 ACOSTA | C1: META | D1: AVANCE | E1: ENERO | F1: FEBRERO | G1: MARZO | H1: ABRIL | I1: MAYO | J1: JUNIO | K1: JULIO | L1: AGOSTO | M1: SEPTIEMBRE | N1: OCTUBRE | O1: NOVIEMBRE | P1: DICIEMBRE
C2: 2026 | D2: Porcentual
A3: PSCC | B3: Cuatro actividades de recuperación de espacios públicos, con las comunidades integradas al Programa de Seguridad Comunitaria, que se localicen, en los distritos que contemplan las área georreferenciadas del informe territorial de la Estrategia Sembremos Seguridad 2024, dos por año, una por semestre. | C3: 2 | D3: =SUM(E3:P3) -> 1 | F3: 1
A4: GREAT/MPAS/DARE | B4: Realizar 4 procesos formativos (Cursos de la oferta de los programas DARE - GREAT - MPAS) en Centros Educativos, 2 por año, dentro de los distritos que contemplan las áreas georreferenciadas del informe territorial de la Estrategia Sembremos Seguridad 2024. Un curso diferente por semestre, un nivel completo. En caso de no contar con instructor acreditado DARE, se puede cumplir la meta con las charlas de Habilidades para la vida DARE, con el aval del Coordinador Nacional. | C4: 2 | D4: =SUM(E4:P4) -> 1 | E4: 0 | F4: 0 | G4: 0 | H4: 0 | I4: 1
A5: PLAN DE POLITICA LOCAL E IMPLEMENTACIÓN DE LA POLITICA LOCAL DE SEGURIDAD | B5: Conformación Comité | C5: 3 | D5: =SUM(E5:P5) -> 1 | G5: 1
B6: Conformación de Comercio | C6: 3 | D6: =SUM(E6:P6) -> 0
B7: Reuniones-Jefaturas | C7: 48 | D7: =SUM(E7:P7) -> 19 | E7: 4 | F7: 3 | G7: 2 | H7: 3 | I7: 6 | J7: 1
B8: Campañas de divulgación | C8: 36 | D8: =SUM(E8:P8) -> 6 | G8: 6
B9: Capacitaciones | C9: 0 | D9: =SUM(E9:P9) -> 0
B10: Charlas | C10: 0 | D10: =SUM(E10:P10) -> 0
B11: Talleres | C11: 0 | D11: =SUM(E11:P11) -> 0
B12: Sensibilización | C12: 0 | D12: =SUM(E12:P12) -> 0
B13: Actividades deportivas | C13: 0 | D13: =SUM(E13:P13) -> 0
B14: Cine en mi Barrio | C14: 0 | D14: =SUM(E14:P14) -> 0
B15: Cívico-policial | C15: 3 | D15: =SUM(E15:P15) -> 1 | E15: 1
B16: Actividades culturales | C16: 0 | D16: =SUM(E16:P16) -> 0
B17: Ferias | C17: 0 | D17: =SUM(E17:P17) -> 0
B18: Stand informativo | C18: 0 | D18: =SUM(E18:P18) -> 0
B19: Visitas | C19: 43 | D19: =SUM(E19:P19) -> 22 | E19: 10 | G19: 2 | H19: 9 | I19: 1
B20: Recuperación del espacio público | C20: 2 | D20: =SUM(E20:P20) -> 1 | F20: 1
B21: Convocatoria de Mesas Locales | C21: 5 | D21: =SUM(E21:P21) -> 5 | F21: 4 | G21: 1
B22: Exposición Informe Territorial ESS | C22: 5 | D22: =SUM(E22:P22) -> 0
B23: Primera Sesión de Trabajo | C23: 5 | D23: =SUM(E23:P23) -> 5 | I23: 5
B24: Segunda Sesión - Conformación Secretaria Técnica | C24: 5 | D24: =SUM(E24:P24) -> 3 | J24: 3
B25: Tercera Sesión | C25: 5 | D25: =SUM(E25:P25) -> 0
B26: Elaboracióin del Texto de la Política Local | C26: 1 | D26: =SUM(E26:P26) -> 0
B27: Revisión Técnica DPPP | C27: 1 | D27: =SUM(E27:P27) -> 0
B28: Revisión Area Legal Gobierno Local | C28: 1 | D28: =SUM(E28:P28) -> 0
B29: Incorporación de Observaciones | C29: 1 | D29: =SUM(E29:P29) -> 0
B30: Aval del Director Regional | C30: 1 | D30: =SUM(E30:P30) -> 0
B31: Presentación al Consejo Municipal | C31: 1 | D31: =SUM(E31:P31) -> 0
B32: Presentación ante la Comunidad por parte del Director Regional y Alcalde | C32: 1 | D32: =SUM(E32:P32) -> 0
C33: =SUM(C3:C32) -> 174 | D33: =SUM(D3:D32) -> 65
D34: =D33/C33 -> 0.37356322

Sheet D20 Alajuelita
A1: PROGRAMA | B1: D20 ALAJUELITA | C1: META | D1: AVANCE | E1: ENERO | F1: FEBRERO | G1: MARZO | H1: ABRIL | I1: MAYO | J1: JUNIO | K1: JULIO | L1: AGOSTO | M1: SEPTIEMBRE | N1: OCTUBRE | O1: NOVIEMBRE | P1: DICIEMBRE
C2: 2026 | D2: Porcentual
A3: PSCC | B3: Cuatro actividades de recuperación de espacios públicos, con las comunidades integradas al Programa de Seguridad Comunitaria, que se localicen, en los distritos que contemplan las área georreferenciadas del informe territorial de la Estrategia Sembremos Seguridad 2024, dos por año, una por semestre. | C3: 2 | D3: =SUM(E3:P3) -> 1 | J3: 1
A4: GREAT/MPAS/DARE | B4: Realizar 4 procesos formativos (Cursos de la oferta de los programas DARE - GREAT - MPAS) en Centros Educativos, 2 por año, dentro de los distritos que contemplan las áreas georreferenciadas del informe territorial de la Estrategia Sembremos Seguridad 2024. Un curso diferente por semestre, un nivel completo. En caso de no contar con instructor acreditado DARE, se puede cumplir la meta con las charlas de Habilidades para la vida DARE, con el aval del Coordinador Nacional. | C4: 2 | D4: =SUM(E4:P4) -> 0 | E4: 0 | F4: 0 | G4: 0 | H4: 0
A5: PSCC | B5: Dos estrategias de divulgación (Por medio de brochures, post o imágenes en redes sociales) en el tema del procedimiento para realizar una "Denuncia de ventas de drogas" dirigidas a las comunidades integradas al Programa de Seguridad Comunitaria que se localicen, en los distritos que contemplan las área georreferenciadas del informe territorial de la Estrategia Sembremos Seguridad 2024, una por año. | C5: 1 | D5: =SUM(E5:P5) -> 0
A6: DARE | B6: Cubrir 4 procesos formativos en Centros Educativos (dos por año) ubicados dentro de los distritos que contemplan las áreas georreferenciadas del informe territorial de la Estrategia Sembremos Seguridad 2024, con los cursos del Programa DARE: Curso primaria. Curso Secundaria; un nivel completo por centro educativo, por semestre. En caso de no contar con instructor acreditado, se puede cumplir la meta con las charlas de Habilidades para la vida DARE, con el aval del Coordinador Nacional. | C6: 2 | D6: =SUM(E6:P6) -> 0 | E6: 0 | F6: 0 | G6: 0 | H6: 0
A7: PSCC | B7: Cuatro capacitaciones, en el tema de "Denuncia a búnkers", dirigidas a las comunidades integradas al Programa de Seguridad Comunitaria que se localicen, en los distritos que contemplan las área georreferenciadas del informe territorial de la Estrategia Sembremos Seguridad 2024, dos por año, una por semestre. | C7: 2 | D7: =SUM(E7:P7) -> 0
A8: PSCC | B8: Dos estrategias de divulgación (Por medio de brochures, post o imágenes en redes sociales) en el tema del procedimiento para realizar una "Denuncia de búnkers" dirigidas a las comunidades integradas al Programa de Seguridad Comunitaria que se localicen, en los distritos que contemplan las área georreferenciadas del informe territorial de la Estrategia Sembremos Seguridad 2024, una por año. | C8: 1 | D8: =SUM(E8:P8) -> 0
A9: PLAN DE POLITICA LOCAL E IMPLEMENTACIÓN DE LA POLITICA LOCAL DE SEGURIDAD | B9: Conformación Comité | C9: 3 | D9: =SUM(E9:P9) -> 3 | E9: 1 | F9: 1 | G9: 1
B10: Conformación de Comercio | C10: 3 | D10: =SUM(E10:P10) -> 8 | E10: 7 | G10: 1
B11: Reuniones-Jefaturas | C11: 84 | D11: =SUM(E11:P11) -> 29 | F11: 6 | G11: 7 | H11: 7 | I11: 7 | J11: 2
B12: Campañas de divulgación | C12: 57 | D12: =SUM(E12:P12) -> 14 | G12: 14
B13: Capacitaciones | C13: 0 | D13: =SUM(E13:P13) -> 0
B14: Charlas | C14: 4 | D14: =SUM(E14:P14) -> 0
B15: Talleres | C15: 0 | D15: =SUM(E15:P15) -> 0
B16: Sensibilización | C16: 0 | D16: =SUM(E16:P16) -> 0
B17: Actividades deportivas | C17: 13 | D17: =SUM(E17:P17) -> 8 | E17: 5 | F17: 2 | I17: 1
B18: Cine en mi Barrio | C18: 4 | D18: =SUM(E18:P18) -> 2 | F18: 1 | H18: 1
B19: Cívico-policial | C19: 2 | D19: =SUM(E19:P19) -> 1 | I19: 1
B20: Actividades culturales | C20: 5 | D20: =SUM(E20:P20) -> 0
B21: Ferias | C21: 0 | D21: =SUM(E21:P21) -> 0
B22: Stand informativo | C22: 0 | D22: =SUM(E22:P22) -> 0
B23: Visitas | C23: 72 | D23: =SUM(E23:P23) -> 30 | E23: 6 | F23: 6 | G23: 6 | H23: 6 | I23: 6
B24: Recuperación del espacio público | C24: 0 | D24: =SUM(E24:P24) -> 0
B25: Convocatoria de Mesas Locales | C25: 5 | D25: =SUM(E25:P25) -> 4 | F25: 2 | G25: 2
B26: Exposición Informe Territorial ESS | C26: 5 | D26: =SUM(E26:P26) -> 4 | G26: 1 | H26: 3
B27: Primera Sesión de Trabajo | C27: 5 | D27: =SUM(E27:P27) -> 0
B28: Segunda Sesión - Conformación Secretaria Técnica | C28: 5 | D28: =SUM(E28:P28) -> 0
B29: Tercera Sesión | C29: 5 | D29: =SUM(E29:P29) -> 0
B30: Elaboracióin del Texto de la Política Local | C30: 1 | D30: =SUM(E30:P30) -> 0
B31: Revisión Técnica DPPP | C31: 1 | D31: =SUM(E31:P31) -> 0
B32: Revisión Area Legal Gobierno Local | C32: 1 | D32: =SUM(E32:P32) -> 0
B33: Incorporación de Observaciones | C33: 1 | D33: =SUM(E33:P33) -> 0
B34: Aval del Director Regional | C34: 1 | D34: =SUM(E34:P34) -> 0
B35: Presentación al Consejo Municipal | C35: 1 | D35: =SUM(E35:P35) -> 0
B36: Presentación ante la Comunidad por parte del Director Regional y Alcalde | C36: 1 | D36: =SUM(E36:P36) -> 0
C37: =SUM(C3:C36) -> 289 | D37: =SUM(D3:D36) -> 104
D38: =D37/C37 -> 0.35986159

Sheet D21 Escazú
A1: PROGRAMA | B1: D21 ESCAZÚ | C1: META | D1: AVANCE | E1: ENERO | F1: FEBRERO | G1: MARZO | H1: ABRIL | I1: MAYO | J1: JUNIO | K1: JULIO | L1: AGOSTO | M1: SEPTIEMBRE | N1: OCTUBRE | O1: NOVIEMBRE | P1: DICIEMBRE
C2: 2026 | D2: Porcentual
A3: PSCC | B3: Cuatro actividades de recuperación de espacios públicos, con las comunidades integradas al Programa de Seguridad Comunitaria, que se localicen, en los distritos que contemplan las área georreferenciadas del informe territorial de la Estrategia Sembremos Seguridad 2024, dos por año, una por semestre. | C3: 2 | D3: =SUM(E3:P3) -> 0
A4: GREAT/MPAS/DARE | B4: Realizar 4 procesos formativos (Cursos de la oferta de los programas DARE - GREAT - MPAS) en Centros Educativos, 2 por año, dentro de los distritos que contemplan las áreas georreferenciadas del informe territorial de la Estrategia Sembremos Seguridad 2024. Un curso diferente por semestre, un nivel completo. En caso de no contar con instructor acreditado DARE, se puede cumplir la meta con las charlas de Habilidades para la vida DARE, con el aval del Coordinador Nacional. | C4: 2 | D4: =SUM(E4:P4) -> 0 | E4: 0 | F4: 0 | G4: 0 | H4: 0
A5: DARE | B5: Cubrir 4 procesos formativos en Centros Educativos (dos por año) ubicados dentro de los distritos que contemplan las áreas georreferenciadas del informe territorial de la Estrategia Sembremos Seguridad 2024, con los cursos del Programa DARE: , Curso primaria. Curso Secundaria; un nivel completo por centro educativo, por semestre. En caso de no contar con instructor acreditado, se puede cumplir la meta con las charlas de Habilidades para la vida DARE, con el aval del Coordinador Nacional. | C5: 2 | D5: =SUM(E5:P5) -> 0 | E5: 0 | F5: 0 | G5: 0 | H5: 0
A6: PSCC | B6: Dos estrategias de divulgación (Por medio de brochures, post o imágenes en redes sociales) en el tema del procedimiento para realizar una "Denuncia de ventas de drogas" dirigidas a las comunidades integradas al Programa de Seguridad Comunitaria que se localicen, en los distritos que contemplan las área georreferenciadas del informe territorial de la Estrategia Sembremos Seguridad 2024, una por año. | C6: 1 | D6: =SUM(E6:P6) -> 0
A7: PSCC | B7: Cuatro capacitaciones, en el tema de "Denuncia a búnkers", dirigidas a las comunidades integradas al Programa de Seguridad Comunitaria que se localicen, en los distritos que contemplan las área georreferenciadas del informe territorial de la Estrategia Sembremos Seguridad 2024, dos por año, una por semestre. | C7: 2 | D7: =SUM(E7:P7) -> 1 | H7: 1
A8: PSCC | B8: Dos estrategias de divulgación (Por medio de brochures, post o imágenes en redes sociales) en el tema del procedimiento para realizar una "Denuncia de búnkers" dirigidas a las comunidades integradas al Programa de Seguridad Comunitaria que se localicen, en los distritos que contemplan las área georreferenciadas del informe territorial de la Estrategia Sembremos Seguridad 2024, una por año. | C8: 1 | D8: =SUM(E8:P8) -> 0
A9: PLAN DE POLITICA LOCAL E IMPLEMENTACIÓN DE LA POLITICA LOCAL DE SEGURIDAD | B9: Conformación Comité | C9: 3 | D9: =SUM(E9:P9) -> 0
B10: Conformación de Comercio | C10: 3 | D10: =SUM(E10:P10) -> 0
B11: Reuniones-Jefaturas | C11: 52 | D11: =SUM(E11:P11) -> 22 | E11: 4 | F11: 5 | G11: 4 | H11: 4 | I11: 5
B12: Campañas de divulgación | C12: 52 | D12: =SUM(E12:P12) -> 0
B13: Capacitaciones | C13: 0 | D13: =SUM(E13:P13) -> 0
B14: Charlas | C14: 0 | D14: =SUM(E14:P14) -> 0
B15: Talleres | C15: 0 | D15: =SUM(E15:P15) -> 0
B16: Sensibilización | C16: 0 | D16: =SUM(E16:P16) -> 0
B17: Actividades deportivas | C17: 0 | D17: =SUM(E17:P17) -> 0
B18: Cine en mi Barrio | C18: 0 | D18: =SUM(E18:P18) -> 0
B19: Cívico-policial | C19: 0 | D19: =SUM(E19:P19) -> 0
B20: Actividades culturales | C20: 0 | D20: =SUM(E20:P20) -> 0
B21: Ferias | C21: 0 | D21: =SUM(E21:P21) -> 0
B22: Stand informativo | C22: 0 | D22: =SUM(E22:P22) -> 0
B23: Visitas | C23: 56 | D23: =SUM(E23:P23) -> 27 | E23: 14 | H23: 13
B24: Recuperación del espacio público | C24: 0 | D24: =SUM(E24:P24) -> 0
B25: Convocatoria de Mesas Locales | C25: 3 | D25: =SUM(E25:P25) -> 3 | G25: 3
B26: Exposición Informe Territorial ESS | C26: 3 | D26: =SUM(E26:P26) -> 3 | H26: 3
B27: Primera Sesión de Trabajo | C27: 3 | D27: =SUM(E27:P27) -> 3 | I27: 3
B28: Segunda Sesión - Conformación Secretaria Técnica | C28: 3 | D28: =SUM(E28:P28) -> 0
B29: Tercera Sesión | C29: 3 | D29: =SUM(E29:P29) -> 0
B30: Elaboracióin del Texto de la Política Local | C30: 1 | D30: =SUM(E30:P30) -> 0
B31: Revisión Técnica DPPP | C31: 1 | D31: =SUM(E31:P31) -> 0
B32: Revisión Area Legal Gobierno Local | C32: 1 | D32: =SUM(E32:P32) -> 0
B33: Incorporación de Observaciones | C33: 1 | D33: =SUM(E33:P33) -> 0
B34: Aval del Director Regional | C34: 1 | D34: =SUM(E34:P34) -> 0
B35: Presentación al Consejo Municipal | C35: 1 | D35: =SUM(E35:P35) -> 0
B36: Presentación ante la Comunidad por parte del Director Regional y Alcalde | C36: 1 | D36: =SUM(E36:P36) -> 0
C37: =SUM(C3:C36) -> 198 | D37: =SUM(D3:D36) -> 59
D38: =D37/C37 -> 0.2979798

Sheet D22 Santa Ana
A1: PROGRAMA | B1: D22 SANTA ANA | C1: META | D1: AVANCE | E1: ENERO | F1: FEBRERO | G1: MARZO | H1: ABRIL | I1: MAYO | J1: JUNIO | K1: JULIO | L1: AGOSTO | M1: SEPTIEMBRE | N1: OCTUBRE | O1: NOVIEMBRE | P1: DICIEMBRE
C2: 2026 | D2: Porcentual
A3: PSCC | B3: Cuatro actividades de recuperación de espacios públicos, con las comunidades integradas al Programa de Seguridad Comunitaria, que se localicen, en los distritos que contemplan las área georreferenciadas del informe territorial de la Estrategia Sembremos Seguridad 2024, dos por año, una por semestre. | C3: 2 | D3: =SUM(E3:P3) -> 1 | H3: 1
A4: GREAT/MPAS/DARE | B4: Realizar 4 procesos formativos (Cursos de la oferta de los programas DARE - GREAT - MPAS) en Centros Educativos, 2 por año, dentro de los distritos que contemplan las áreas georreferenciadas del informe territorial de la Estrategia Sembremos Seguridad 2024. Un curso diferente por semestre, un nivel completo. En caso de no contar con instructor acreditado DARE, se puede cumplir la meta con las charlas de Habilidades para la vida DARE, con el aval del Coordinador Nacional. | C4: 2 | D4: =SUM(E4:P4) -> 0 | E4: 0 | F4: 0 | G4: 0 | H4: 0
A5: DARE | B5: Cubrir 4 procesos formativos en Centros Educativos (dos por año) ubicados dentro de los distritos que contemplan las áreas georreferenciadas del informe territorial de la Estrategia Sembremos Seguridad 2024, con los cursos del Programa DARE: , Curso primaria. Curso Secundaria; un nivel completo por centro educativo, por semestre. En caso de no contar con instructor acreditado, se puede cumplir la meta con las charlas de Habilidades para la vida DARE, con el aval del Coordinador Nacional. | C5: 2 | D5: =SUM(E5:P5) -> 0 | E5: 0 | F5: 0 | G5: 0 | H5: 0
A6: PSCC | B6: Dos estrategias de divulgación (Por medio de brochures, post o imágenes en redes sociales) en el tema del procedimiento para realizar una "Denuncia de ventas de drogas" dirigidas a las comunidades integradas al Programa de Seguridad Comunitaria que se localicen, en los distritos que contemplan las área georreferenciadas del informe territorial de la Estrategia Sembremos Seguridad 2024, una por año. | C6: 1 | D6: =SUM(E6:P6) -> 0
A7: PSCC | B7: Cuatro capacitaciones, en el tema de "Denuncia a búnkers", dirigidas a las comunidades integradas al Programa de Seguridad Comunitaria que se localicen, en los distritos que contemplan las área georreferenciadas del informe territorial de la Estrategia Sembremos Seguridad 2024, dos por año, una por semestre. | C7: 2 | D7: =SUM(E7:P7) -> 1 | J7: 1
A8: PSCC | B8: Dos estrategias de divulgación (Por medio de brochures, post o imágenes en redes sociales) en el tema del procedimiento para realizar una "Denuncia de búnkers" dirigidas a las comunidades integradas al Programa de Seguridad Comunitaria que se localicen, en los distritos que contemplan las área georreferenciadas del informe territorial de la Estrategia Sembremos Seguridad 2024, una por año. | C8: 1 | D8: =SUM(E8:P8) -> 0
A9: PLAN DE POLITICA LOCAL E IMPLEMENTACIÓN DE LA POLITICA LOCAL DE SEGURIDAD | B9: Conformación Comité | C9: 3 | D9: =SUM(E9:P9) -> 0
B10: Conformación de Comercio | C10: 3 | D10: =SUM(E10:P10) -> 1 | G10: 1
B11: Reuniones-Jefaturas | C11: 24 | D11: =SUM(E11:P11) -> 4 | F11: 4
B12: Campañas de divulgación | C12: 87 | D12: =SUM(E12:P12) -> 0
B13: Capacitaciones | C13: 0 | D13: =SUM(E13:P13) -> 0
B14: Charlas | C14: 7 | D14: =SUM(E14:P14) -> 0
B15: Talleres | C15: 0 | D15: =SUM(E15:P15) -> 0
B16: Sensibilización | C16: 0 | D16: =SUM(E16:P16) -> 0
B17: Actividades deportivas | C17: 0 | D17: =SUM(E17:P17) -> 0
B18: Cine en mi Barrio | C18: 1 | D18: =SUM(E18:P18) -> 0
B19: Cívico-policial | C19: 1 | D19: =SUM(E19:P19) -> 0
B20: Actividades culturales | C20: 0 | D20: =SUM(E20:P20) -> 0
B21: Ferias | C21: 0 | D21: =SUM(E21:P21) -> 0
B22: Stand informativo | C22: 0 | D22: =SUM(E22:P22) -> 0
B23: Visitas | C23: 72 | D23: =SUM(E23:P23) -> 36 | G23: 18 | I23: 18
B24: Recuperación del espacio público | C24: 1 | D24: =SUM(E24:P24) -> 0
B25: Convocatoria de Mesas Locales | C25: 6 | D25: =SUM(E25:P25) -> 6 | F25: 1 | G25: 5
B26: Exposición Informe Territorial ESS | C26: 6 | D26: =SUM(E26:P26) -> 0
B27: Primera Sesión de Trabajo | C27: 6 | D27: =SUM(E27:P27) -> 5 | I27: 5
B28: Segunda Sesión - Conformación Secretaria Técnica | C28: 6 | D28: =SUM(E28:P28) -> 0
B29: Tercera Sesión | C29: 6 | D29: =SUM(E29:P29) -> 0
B30: Elaboracióin del Texto de la Política Local | C30: 1 | D30: =SUM(E30:P30) -> 0
B31: Revisión Técnica DPPP | C31: 1 | D31: =SUM(E31:P31) -> 0
B32: Revisión Area Legal Gobierno Local | C32: 1 | D32: =SUM(E32:P32) -> 0
B33: Incorporación de Observaciones | C33: 1 | D33: =SUM(E33:P33) -> 0
B34: Aval del Director Regional | C34: 1 | D34: =SUM(E34:P34) -> 0
B35: Presentación al Consejo Municipal | C35: 1 | D35: =SUM(E35:P35) -> 0
B36: Presentación ante la Comunidad por parte del Director Regional y Alcalde | C36: 1 | D36: =SUM(E36:P36) -> 0
C37: =SUM(C3:C36) -> 246 | D37: =SUM(D3:D36) -> 54
D38: =D37/C37 -> 0.2195122

Sheet D23 Mora
A1: PROGRAMA | B1: D23 MORA | C1: META | D1: AVANCE | E1: ENERO | F1: FEBRERO | G1: MARZO | H1: ABRIL | I1: MAYO | J1: JUNIO | K1: JULIO | L1: AGOSTO | M1: SEPTIEMBRE | N1: OCTUBRE | O1: NOVIEMBRE | P1: DICIEMBRE
C2: 2026 | D2: Porcentual
A3: PSCC | B3: Cuatro actividades de recuperación de espacios públicos, con las comunidades integradas al Programa de Seguridad Comunitaria, que se localicen, en los distritos que contemplan las área georreferenciadas del informe territorial de la Estrategia Sembremos Seguridad 2024, dos por año, una por semestre. | C3: 2 | D3: =SUM(E3:P3) -> 1 | H3: 1
A4: GREAT/MPAS/DARE | B4: Realizar 4 procesos formativos (Cursos de la oferta de los programas DARE - GREAT - MPAS) en Centros Educativos, 2 por año, dentro de los distritos que contemplan las áreas georreferenciadas del informe territorial de la Estrategia Sembremos Seguridad 2024. Un curso diferente por semestre, un nivel completo. En caso de no contar con instructor acreditado DARE, se puede cumplir la meta con las charlas de Habilidades para la vida DARE, con el aval del Coordinador Nacional. | C4: 2 | D4: =SUM(E4:P4) -> 0 | E4: 0 | F4: 0 | G4: 0 | H4: 0
A5: DARE | B5: Cubrir 2 procesos formativos en Centros Educativos (uno por año) ubicados dentro de los distritos que contemplan las áreas georreferenciadas del informe territorial de la Estrategia Sembremos Seguridad 2024, con los cursos del Programa DARE: , Curso primaria. Curso Secundaria; un nivel completo por centro educativo, por semestre. En caso de no contar con instructor acreditado, se puede cumplir la meta con las charlas de Habilidades para la vida DARE, con el aval del Coordinador Nacional. | C5: 1 | D5: =SUM(E5:P5) -> 0 | E5: 0 | F5: 0 | G5: 0 | H5: 0
A6: PSCC | B6: Cuatro comercios capacitados e integrados al Programa de Seguridad Comercial que se localicen, en los distritos que contemplan las área georreferenciadas del informe territorial de la Estrategia Sembremos Seguridad 2024, dos por año, una por semestre. | C6: 2 | D6: =SUM(E6:P6) -> 0
A7: PSCC | B7: Cuatro estrategias de divulgación (Por medio de brochures, post o imágenes en redes sociales) diseñadas por la Estrategia de divulgación de la Dirección de Programas Policiales Preventivos, en el tema de "Prevención del Consumo de alcohol en vía pública" dirigidas a las comunidades integradas al Programa de Seguridad Comunitaria y a los comercios integrados al Programa de Seguridad Comercial que se localicen, en los distritos que contemplan las área georreferenciadas del informe territorial de la Estrategia Sembremos Seguridad 2024, dos por año. | C7: 2 | D7: =SUM(E7:P7) -> 0
A8: PSCC | B8: Dos estrategias de divulgación (Por medio de brochures, post o imágenes en redes sociales) en el tema del procedimiento para realizar una "Denuncia de ventas de drogas" diseñadas por la Estrategia de divulgación de la Dirección de Programas Policiales Preventivos dirigidas a las comunidades integradas al Programa de Seguridad Comunitaria que se localicen, en los distritos que contemplan las área georreferenciadas del informe territorial de la Estrategia Sembremos Seguridad 2024, una por año. | C8: 1 | D8: =SUM(E8:P8) -> 0
A9: PLAN DE POLITICA LOCAL E IMPLEMENTACIÓN DE LA POLITICA LOCAL DE SEGURIDAD | B9: Conformación Comité | C9: 3 | D9: =SUM(E9:P9) -> 0
B10: Conformación de Comercio | C10: 3 | D10: =SUM(E10:P10) -> 0
B11: Reuniones-Jefaturas | C11: 41 | D11: =SUM(E11:P11) -> 19 | F11: 5 | G11: 5 | H11: 5 | I11: 4
B12: Campañas de divulgación | C12: 97 | D12: =SUM(E12:P12) -> 50 | G12: 26 | H12: 24
B13: Capacitaciones | C13: 0 | D13: =SUM(E13:P13) -> 0
B14: Charlas | C14: 2 | D14: =SUM(E14:P14) -> 0
B15: Talleres | C15: 0 | D15: =SUM(E15:P15) -> 0
B16: Sensibilización | C16: 0 | D16: =SUM(E16:P16) -> 0
B17: Actividades deportivas | C17: 0 | D17: =SUM(E17:P17) -> 0
B18: Cine en mi Barrio | C18: 0 | D18: =SUM(E18:P18) -> 0
B19: Cívico-policial | C19: 0 | D19: =SUM(E19:P19) -> 0
B20: Actividades culturales | C20: 0 | D20: =SUM(E20:P20) -> 0
B21: Ferias | C21: 0 | D21: =SUM(E21:P21) -> 0
B22: Stand informativo | C22: 0 | D22: =SUM(E22:P22) -> 0
B23: Visitas | C23: 56 | D23: =SUM(E23:P23) -> 19 | F23: 5 | H23: 14
B24: Recuperación del espacio público | C24: 0 | D24: =SUM(E24:P24) -> 0
B25: Convocatoria de Mesas Locales | C25: 7 | D25: =SUM(E25:P25) -> 7 | F25: 2 | G25: 5
B26: Exposición Informe Territorial ESS | C26: 7 | D26: =SUM(E26:P26) -> 0
B27: Primera Sesión de Trabajo | C27: 7 | D27: =SUM(E27:P27) -> 7 | I27: 7
B28: Segunda Sesión - Conformación Secretaria Técnica | C28: 7 | D28: =SUM(E28:P28) -> 0
B29: Tercera Sesión | C29: 7 | D29: =SUM(E29:P29) -> 0
B30: Elaboracióin del Texto de la Política Local | C30: 1 | D30: =SUM(E30:P30) -> 0
B31: Revisión Técnica DPPP | C31: 1 | D31: =SUM(E31:P31) -> 0
B32: Revisión Area Legal Gobierno Local | C32: 1 | D32: =SUM(E32:P32) -> 0
B33: Incorporación de Observaciones | C33: 1 | D33: =SUM(E33:P33) -> 0
B34: Aval del Director Regional | C34: 1 | D34: =SUM(E34:P34) -> 0
B35: Presentación al Consejo Municipal | C35: 1 | D35: =SUM(E35:P35) -> 0
B36: Presentación ante la Comunidad por parte del Director Regional y Alcalde | C36: 1 | D36: =SUM(E36:P36) -> 0
C37: =SUM(C3:C36) -> 254 | D37: =SUM(D3:D36) -> 103
D38: =D37/C37 -> 0.40551181

Sheet D24 Puriscal
A1: PROGRAMA | B1: D24 PURISCAL | C1: META | D1: AVANCE | E1: ENERO | F1: FEBRERO | G1: MARZO | H1: ABRIL | I1: MAYO | J1: JUNIO | K1: JULIO | L1: AGOSTO | M1: SEPTIEMBRE | N1: OCTUBRE | O1: NOVIEMBRE | P1: DICIEMBRE
C2: 2026 | D2: Porcentual
A3: PSCC | B3: Cuatro actividades de recuperación de espacios públicos, con las comunidades integradas al Programa de Seguridad Comunitaria, que se localicen, en los distritos que contemplan las área georreferenciadas del informe territorial de la Estrategia Sembremos Seguridad 2024, dos por año, una por semestre. | C3: 2 | D3: =SUM(E3:P3) -> 1 | F3: 1
A4: GREAT/MPAS/DARE | B4: Realizar 4 procesos formativos (Cursos de la oferta de los programas DARE - GREAT - MPAS) en Centros Educativos, 2 por año, dentro de los distritos que contemplan las áreas georreferenciadas del informe territorial de la Estrategia Sembremos Seguridad 2024. Un curso diferente por semestre, un nivel completo. En caso de no contar con instructor acreditado DARE, se puede cumplir la meta con las charlas de Habilidades para la vida DARE, con el aval del Coordinador Nacional. | C4: 2 | D4: =SUM(E4:P4) -> 0 | E4: 0 | F4: 0 | G4: 0 | H4: 0
A5: DARE | B5: Cubrir 4 procesos formativos en Centros Educativos (dos por año) ubicados dentro de los distritos que contemplan las áreas georreferenciadas del informe territorial de la Estrategia Sembremos Seguridad 2024, con los cursos del Programa DARE: , Curso primaria. Curso Secundaria; un nivel completo por centro educativo, por semestre. En caso de no contar con instructor acreditado, se puede cumplir la meta con las charlas de Habilidades para la vida DARE, con el aval del Coordinador Nacional. | C5: 2 | D5: =SUM(E5:P5) -> 1 | E5: 0 | F5: 0 | G5: 0 | H5: 1
A6: PSCC | B6: Cuatro comercios capacitados e integrados al Programa de Seguridad Comercial que se localicen, en los distritos que contemplan las área georreferenciadas del informe territorial de la Estrategia Sembremos Seguridad 2024, dos por año, una por semestre. | C6: 2 | D6: =SUM(E6:P6) -> 0
A7: PSCC | B7: Cuatro estrategias de divulgación (Por medio de brochures, post o imágenes en redes sociales) diseñadas por la Estrategia de divulgación de la Dirección de Programas Policiales Preventivos, en el tema de "Prevención del Consumo de alcohol en vía pública" dirigidas a las comunidades integradas al Programa de Seguridad Comunitaria y a los comercios integrados al Programa de Seguridad Comercial que se localicen, en los distritos que contemplan las área georreferenciadas del informe territorial de la Estrategia Sembremos Seguridad 2024, dos por año. | C7: 2 | D7: =SUM(E7:P7) -> 0
A8: PLAN DE POLITICA LOCAL E IMPLEMENTACIÓN DE LA POLITICA LOCAL DE SEGURIDAD | B8: Conformación Comité | C8: 3 | D8: =SUM(E8:P8) -> 0
B9: Conformación de Comercio | C9: 3 | D9: =SUM(E9:P9) -> 0
B10: Reuniones-Jefaturas | C10: 36 | D10: =SUM(E10:P10) -> 18 | E10: 9 | H10: 9
B11: Campañas de divulgación | C11: 36 | D11: =SUM(E11:P11) -> 9 | G11: 9
B12: Capacitaciones | C12: 0 | D12: =SUM(E12:P12) -> 0
B13: Charlas | C13: 0 | D13: =SUM(E13:P13) -> 0
B14: Talleres | C14: 0 | D14: =SUM(E14:P14) -> 0
B15: Sensibilización | C15: 0 | D15: =SUM(E15:P15) -> 0
B16: Actividades deportivas | C16: 0 | D16: =SUM(E16:P16) -> 0
B17: Cine en mi Barrio | C17: 0 | D17: =SUM(E17:P17) -> 0
B18: Cívico-policial | C18: 0 | D18: =SUM(E18:P18) -> 0
B19: Actividades culturales | C19: 0 | D19: =SUM(E19:P19) -> 0
B20: Ferias | C20: 0 | D20: =SUM(E20:P20) -> 0
B21: Stand informativo | C21: 0 | D21: =SUM(E21:P21) -> 0
B22: Visitas | C22: 40 | D22: =SUM(E22:P22) -> 20 | E22: 10 | H22: 10
B23: Recuperación del espacio público | C23: 0 | D23: =SUM(E23:P23) -> 0
B24: Convocatoria de Mesas Locales | C24: 9 | D24: =SUM(E24:P24) -> 2 | F24: 1 | G24: 1
B25: Exposición Informe Territorial ESS | C25: 9 | D25: =SUM(E25:P25) -> 0
B26: Primera Sesión de Trabajo | C26: 9 | D26: =SUM(E26:P26) -> 9 | I26: 9
B27: Segunda Sesión - Conformación Secretaria Técnica | C27: 9 | D27: =SUM(E27:P27) -> 2 | J27: 2
B28: Tercera Sesión | C28: 9 | D28: =SUM(E28:P28) -> 0
B29: Elaboracióin del Texto de la Política Local | C29: 1 | D29: =SUM(E29:P29) -> 0
B30: Revisión Técnica DPPP | C30: 1 | D30: =SUM(E30:P30) -> 0
B31: Revisión Area Legal Gobierno Local | C31: 1 | D31: =SUM(E31:P31) -> 0
B32: Incorporación de Observaciones | C32: 1 | D32: =SUM(E32:P32) -> 0
B33: Aval del Director Regional | C33: 1 | D33: =SUM(E33:P33) -> 0
B34: Presentación al Consejo Municipal | C34: 1 | D34: =SUM(E34:P34) -> 0
B35: Presentación ante la Comunidad por parte del Director Regional y Alcalde | C35: 1 | D35: =SUM(E35:P35) -> 0
C36: =SUM(C3:C35) -> 180 | D36: =SUM(D3:D35) -> 62
D37: =D36/C36 -> 0.34444444

Sheet D25 Turrubares
A1: PROGRAMA | B1: D25 TURRUBARES | C1: META | D1: AVANCE | E1: ENERO | F1: FEBRERO | G1: MARZO | H1: ABRIL | I1: MAYO | J1: JUNIO | K1: JULIO | L1: AGOSTO | M1: SEPTIEMBRE | N1: OCTUBRE | O1: NOVIEMBRE | P1: DICIEMBRE
C2: 2026 | D2: Porcentual
A3: DARE | B3: Cubrir 4 procesos formativos en Centros Educativos (dos por año) ubicados dentro de los distritos que contemplan las áreas georreferenciadas del informe territorial de la Estrategia Sembremos Seguridad 2024, con los cursos del Programa DARE: , Curso primaria. Curso Secundaria; un nivel completo por centro educativo, por semestre. En caso de no contar con instructor acreditado, se puede cumplir la meta con las charlas de Habilidades para la vida DARE, con el aval del Coordinador Nacional. | C3: 1 | D3: =SUM(E3:P3) -> 0 | E3: 0 | F3: 0 | G3: 0 | H3: 0
A4: PSCC | B4: Cuatro comercios capacitados e integrados al Programa de Seguridad Comercial que se localicen, en los distritos que contemplan las área georreferenciadas del informe territorial de la Estrategia Sembremos Seguridad 2024, dos por año, una por semestre. | C4: 2 | D4: =SUM(E4:P4) -> 0
A5: PSCC | B5: Cuatro estrategias de divulgación (Por medio de brochures, post o imágenes en redes sociales) diseñadas por la Estrategia de divulgación de la Dirección de Programas Policiales Preventivos, en el tema de "Prevención del Consumo de alcohol en vía pública" dirigidas a las comunidades integradas al Programa de Seguridad Comunitaria y a los comercios integrados al Programa de Seguridad Comercial que se localicen, en los distritos que contemplan las área georreferenciadas del informe territorial de la Estrategia Sembremos Seguridad 2024, dos por año. | C5: 2 | D5: =SUM(E5:P5) -> 1 | G5: 1
A6: PLAN DE POLITICA LOCAL E IMPLEMENTACIÓN DE LA POLITICA LOCAL DE SEGURIDAD | B6: Conformación Comité | C6: 3 | D6: =SUM(E6:P6) -> 0
B7: Conformación de Comercio | C7: 3 | D7: =SUM(E7:P7) -> 0
B8: Reuniones-Jefaturas | C8: 4 | D8: =SUM(E8:P8) -> 2 | F8: 1 | H8: 1
B9: Campañas de divulgación | C9: 4 | D9: =SUM(E9:P9) -> 1 | G9: 1
B10: Capacitaciones | C10: 0 | D10: =SUM(E10:P10) -> 0
B11: Charlas | C11: 0 | D11: =SUM(E11:P11) -> 0
B12: Talleres | C12: 0 | D12: =SUM(E12:P12) -> 0
B13: Sensibilización | C13: 0 | D13: =SUM(E13:P13) -> 0
B14: Actividades deportivas | C14: 0 | D14: =SUM(E14:P14) -> 0
B15: Cine en mi Barrio | C15: 0 | D15: =SUM(E15:P15) -> 0
B16: Cívico-policial | C16: 0 | D16: =SUM(E16:P16) -> 0
B17: Actividades culturales | C17: 0 | D17: =SUM(E17:P17) -> 0
B18: Ferias | C18: 0 | D18: =SUM(E18:P18) -> 0
B19: Stand informativo | C19: 0 | D19: =SUM(E19:P19) -> 0
B20: Visitas | C20: 16 | D20: =SUM(E20:P20) -> 4 | G20: 4
B21: Recuperación del espacio público | C21: 0 | D21: =SUM(E21:P21) -> 0
B22: Convocatoria de Mesas Locales | C22: 5 | D22: =SUM(E22:P22) -> 0
B23: Exposición Informe Territorial ESS | C23: 5 | D23: =SUM(E23:P23) -> 0
B24: Primera Sesión de Trabajo | C24: 5 | D24: =SUM(E24:P24) -> 5 | I24: 5
B25: Segunda Sesión - Conformación Secretaria Técnica | C25: 5 | D25: =SUM(E25:P25) -> 0
B26: Tercera Sesión | C26: 5 | D26: =SUM(E26:P26) -> 0
B27: Elaboracióin del Texto de la Política Local | C27: 1 | D27: =SUM(E27:P27) -> 0
B28: Revisión Técnica DPPP | C28: 1 | D28: =SUM(E28:P28) -> 0
B29: Revisión Area Legal Gobierno Local | C29: 1 | D29: =SUM(E29:P29) -> 0
B30: Incorporación de Observaciones | C30: 1 | D30: =SUM(E30:P30) -> 0
B31: Aval del Director Regional | C31: 1 | D31: =SUM(E31:P31) -> 0
B32: Presentación al Consejo Municipal | C32: 1 | D32: =SUM(E32:P32) -> 0
B33: Presentación ante la Comunidad por parte del Director Regional y Alcalde | C33: 1 | D33: =SUM(E33:P33) -> 0
C34: =SUM(C3:C33) -> 67 | D34: =SUM(D3:D33) -> 13
D35: =D34/C34 -> 0.19402985

Sheet Total Region
A1: Delegación | C1: META | D1: AVANCE | E1: % AVANCE
A2: D16 | B2: DESAMPARADOS NORTE | C2: ='D16 Desamparados Norte'!C37 -> 312 | D2: ='D16 Desamparados Norte'!D37 -> 58 | E2: =D2/C2 -> 0.18589744
A3: D17 | B3: DESAMPARADOS SUR | C3: ='D17 Desamparados Sur'!C37 -> 160 | D3: ='D17 Desamparados Sur'!D37 -> 46 | E3: =D3/C3 -> 0.2875
A4: D18 | B4: ASERRÍ | C4: ='D18 Aserrí'!C39 -> 197 | D4: ='D18 Aserrí'!D39 -> 83 | E4: =D4/C4 -> 0.4213198
A5: D19 | B5: ACOSTA | C5: ='D19 Acosta'!C33 -> 174 | D5: ='D19 Acosta'!D33 -> 65 | E5: =D5/C5 -> 0.37356322
A6: D20 | B6: ALAJUELITA | C6: ='D20 Alajuelita'!C37 -> 289 | D6: ='D20 Alajuelita'!D37 -> 104 | E6: =D6/C6 -> 0.35986159
A7: D21 | B7: ESCAZÚ | C7: ='D21 Escazú'!C37 -> 198 | D7: ='D21 Escazú'!D37 -> 59 | E7: =D7/C7 -> 0.2979798
A8: D22 | B8: SANTA ANA | C8: ='D22 Santa Ana'!C37 -> 246 | D8: ='D22 Santa Ana'!D37 -> 54 | E8: =D8/C8 -> 0.2195122
A9: D23 | B9: MORA | C9: ='D23 Mora'!C37 -> 254 | D9: ='D23 Mora'!D37 -> 103 | E9: =D9/C9 -> 0.40551181
A10: D24 | B10: PURISCAL | C10: ='D24 Puriscal'!C36 -> 180 | D10: ='D24 Puriscal'!D36 -> 62 | E10: =D10/C10 -> 0.34444444
A11: D25 | B11: TURRUBARES | C11: ='D25 Turrubares'!C34 -> 67 | D11: ='D25 Turrubares'!D34 -> 13 | E11: =D11/C11 -> 0.19402985
B12: TOTALES | C12: =SUM(C2:C11) -> 2077 | D12: =SUM(D2:D11) -> 647 | E12: =D12/C12 -> 0.31150698
