Workbook
Name ABANG: [1]DAT2!#REF!
Name ABANG: [2]DAT2!#REF!
Name ABANG: [3]DAT2!#REF!
Name ABANG: [4]DAT2!#REF!
Name ABANG: [5]DAT2!#REF!
Name ABANG: [6]DAT2!#REF!
Name ABANG: [7]DAT2!#REF!
Name ABANG: [8]DAT2!#REF!
Name ABANG: [9]DAT2!#REF!
Name ACOS: [1]DAT2!#REF!
Name ACOS: [2]DAT2!#REF!
Name ACOS: [3]DAT2!#REF!
Name ACOS: [4]DAT2!#REF!
Name ACOS: [5]DAT2!#REF!
Name ACOS: [6]DAT2!#REF!
Name ACOS: [7]DAT2!#REF!
Name ACOS: [8]DAT2!#REF!
Name ACOS: [9]DAT2!#REF!
Name ALAJU: [1]DAT2!#REF!
Name ALAJU: [2]DAT2!#REF!
Name ALAJU: [3]DAT2!#REF!
Name ALAJU: [4]DAT2!#REF!
Name ALAJU: [5]DAT2!#REF!
Name ALAJU: [6]DAT2!#REF!
Name ALAJU: [7]DAT2!#REF!
Name ALAJU: [8]DAT2!#REF!
Name ALAJU: [9]DAT2!#REF!
Name ALAJUE: [1]DAT2!#REF!
Name ALAJUE: [2]DAT2!#REF!
Name ALAJUE: [3]DAT2!#REF!
Name ALAJUE: [4]DAT2!#REF!
Name ALAJUE: [5]DAT2!#REF!
Name ALAJUE: [6]DAT2!#REF!
Name ALAJUE: [7]DAT2!#REF!
Name ALAJUE: [8]DAT2!#REF!
Name ALAJUE: [9]DAT2!#REF!
Name ALVA: [1]DAT2!#REF!
Name ALVA: [2]DAT2!#REF!
Name ALVA: [3]DAT2!#REF!
Name ALVA: [4]DAT2!#REF!
Name ALVA: [5]DAT2!#REF!
Name ALVA: [6]DAT2!#REF!
Name ALVA: [7]DAT2!#REF!
Name ALVA: [8]DAT2!#REF!
Name ALVA: [9]DAT2!#REF!
Name ASERR: [1]DAT2!#REF!
Name ASERR: [2]DAT2!#REF!
Name ASERR: [3]DAT2!#REF!
Name ASERR: [4]DAT2!#REF!
Name ASERR: [5]DAT2!#REF!
Name ASERR: [6]DAT2!#REF!
Name ASERR: [7]DAT2!#REF!
Name ASERR: [8]DAT2!#REF!
Name ASERR: [9]DAT2!#REF!
Name ATE: [1]DAT2!#REF!
Name ATE: [2]DAT2!#REF!
Name ATE: [3]DAT2!#REF!
Name ATE: [4]DAT2!#REF!
Name ATE: [5]DAT2!#REF!
Name ATE: [6]DAT2!#REF!

Sheet D01 Carmen
A1: PROGRAMA | B1: D01 El Carmen | C1: META | D1: AVANCE | E1: ENERO | F1: FEBRERO | G1: MARZO | H1: ABRIL | I1: MAYO | J1: JUNIO | K1: JULIO | L1: AGOSTO | M1: SEPTIEMBRE | N1: OCTUBRE | O1: NOVIEMBRE | P1: DICIEMBRE
C2: 2026 | D2: Porcentual
A3: PSCC | B3: Cuatro actividades de recuperación de espacios públicos, con las comunidades integradas al Programa de Seguridad Comunitaria, que se localicen, en los distritos que contemplan las área georreferenciadas del informe territorial de la Estrategia Sembremos Seguridad 2024, dos por año, una por semestre. | C3: 2 | D3: =SUM(E3:P3) -> 1 | G3: 1
A4: GREAT/MPAS/DARE | B4: Realizar 4 procesos formativos (Cursos de la oferta de los programas DARE - GREAT - MPAS) en Centros Educativos, 2 por año, dentro de los distritos que contemplan las áreas georreferenciadas del informe territorial de la Estrategia Sembremos Seguridad 2024. Un curso diferente por semestre, un nivel completo. En caso de no contar con instructor acreditado DARE, se puede cumplir la meta con las charlas de Habilidades para la vida DARE, con el aval del Coordinador Nacional. | C4: 2 | D4: =SUM(E4:P4) -> 1 | E4: 0 | F4: 0 | G4: 0 | H4: 1
A5: DARE | B5: Cubrir 2 procesos formativos en Centros Educativos (uno por año) ubicados dentro de los distritos que contemplan las áreas georreferenciadas del informe territorial de la Estrategia Sembremos Seguridad 2024, con los cursos del Programa DARE: , Curso primaria. Curso Secundaria; un nivel completo por centro educativo, por semestre. En caso de no contar con instructor acreditado, se puede cumplir la meta con las charlas de Habilidades para la vida DARE, con el aval del Coordinador Nacional. | C5: 1 | D5: =SUM(E5:P5) -> 0 | E5: 0 | F5: 0 | G5: 0 | H5: 0
A6: PSCC | B6: Cuatro comercios capacitados e integrados al Programa de Seguridad Comercial que se localicen, en los distritos que contemplan las área georreferenciadas del informe territorial de la Estrategia Sembremos Seguridad 2024, dos por año, una por semestre. | C6: 2 | D6: =SUM(E6:P6) -> 0
A7: PSCC | B7: Cuatro estrategias de divulgación (Por medio de brochures, post o imágenes en redes sociales) diseñadas por la Estrategia de divulgación de la Dirección de Programas Policiales Preventivos, en el tema de "Prevención del Consumo de alcohol en vía pública" dirigidas a las comunidades integradas al Programa de Seguridad Comunitaria y a los comercios integrados al Programa de Seguridad Comercial que se localicen, en los distritos que contemplan las área georreferenciadas del informe territorial de la Estrategia Sembremos Seguridad 2024, dos por año. | C7: 2 | D7: =SUM(E7:P7) -> 1 | E7: 1
A8: PSCC | B8: Cuatro capacitaciones, en el tema de "Denuncia a búnkers", dirigidas a las comunidades integradas al Programa de Seguridad Comunitaria que se localicen, en los distritos que contemplan las área georreferenciadas del informe territorial de la Estrategia Sembremos Seguridad 2024, dos por año, una por semestre. | C8: 2 | D8: =SUM(E8:P8) -> 1 | I8: 1
A9: PSCC | B9: Dos estrategias de divulgación (Por medio de brochures, post o imágenes en redes sociales) en el tema del procedimiento para realizar una "Denuncia de búnkers" dirigidas a las comunidades integradas al Programa de Seguridad Comunitaria que se localicen, en los distritos que contemplan las área georreferenciadas del informe territorial de la Estrategia Sembremos Seguridad 2024, una por año. | C9: 2 | D9: =SUM(E9:P9) -> 1 | E9: 1
A10: PLAN DE POLITICA LOCAL E IMPLEMENTACIÓN DE LA POLITICA LOCAL DE SEGURIDAD | B10: Conformación Comité | C10: 0 | D10: =SUM(E10:P10) -> 0
B11: Conformación de Comercio | C11: 2 | D11: =SUM(E11:P11) -> 1 | F11: 1
B12: Reuniones-Jefaturas | C12: 0 | D12: =SUM(E12:P12) -> 0
B13: Campañas de divulgación | C13: 9 | D13: =SUM(E13:P13) -> 4 | E13: 1 | F13: 1 | G13: 1 | H13: 1
B14: Capacitaciones | C14: 0 | D14: =SUM(E14:P14) -> 0
B15: Charlas | C15: 0 | D15: =SUM(E15:P15) -> 0
B16: Talleres | C16: 0 | D16: =SUM(E16:P16) -> 0
B17: Sensibilización | C17: 0 | D17: =SUM(E17:P17) -> 0
B18: Actividades deportivas | C18: 0 | D18: =SUM(E18:P18) -> 0
B19: Cine en mi Barrio | C19: 0 | D19: =SUM(E19:P19) -> 0
B20: Cívico-policial | C20: 0 | D20: =SUM(E20:P20) -> 0
B21: Actividades culturales | C21: 0 | D21: =SUM(E21:P21) -> 0
B22: Ferias | C22: 0 | D22: =SUM(E22:P22) -> 0
B23: Stand informativo | C23: 0 | D23: =SUM(E23:P23) -> 0
B24: Visitas | C24: 80 | D24: =SUM(E24:P24) -> 40 | E24: 20 | J24: 20
B25: Recuperación del espacio público | C25: 0 | D25: =SUM(E25:P25) -> 0
B26: Convocatoria de Mesas Locales | C26: 1 | D26: =SUM(E26:P26) -> 2 | E26: 1 | H26: 1
B27: Exposición Informe Territorial ESS | C27: 1 | D27: =SUM(E27:P27) -> 0
B28: Primera Sesión de Trabajo | C28: 0 | D28: =SUM(E28:P28) -> 0
B29: Segunda Sesión - Conformación Secretaria Técnica | C29: 0 | D29: =SUM(E29:P29) -> 0
B30: Tercera Sesión | C30: 0 | D30: =SUM(E30:P30) -> 0
B31: Elaboracióin del Texto de la Política Local | C31: 0 | D31: =SUM(E31:P31) -> 0
B32: Revisión Técnica DPPP | C32: 0 | D32: =SUM(E32:P32) -> 0
B33: Revisión Area Legal Gobierno Local | C33: 0 | D33: =SUM(E33:P33) -> 0
B34: Incorporación de Observaciones | C34: 0 | D34: =SUM(E34:P34) -> 0
B35: Aval del Director Regional | C35: 0 | D35: =SUM(E35:P35) -> 0
B36: Presentación al Consejo Municipal | C36: 0 | D36: =SUM(E36:P36) -> 0
B37: Presentación ante la Comunidad por parte del Director Regional y Alcalde | C37: 0 | D37: =SUM(E37:P37) -> 0
C38: =SUM(C3:C37) -> 106 | D38: =SUM(D3:D37) -> 52
D39: =D38/C38 -> 0.49056604

Sheet D02 Merced
A1: PROGRAMA | B1: D02 Merced | C1: META | D1: AVANCE | E1: AVANCE | F1: ENERO | G1: FEBRERO | H1: MARZO | I1: ABRIL | J1: MAYO | K1: JUNIO | L1: JULIO | M1: AGOSTO | N1: SEPTIEMBRE | O1: OCTUBRE | P1: NOVIEMBRE | Q1: DICIEMBRE
C2: 2026 | D2: Porcentual | E2: Porcentual
A3: PSCC | B3: Cuatro actividades de recuperación de espacios públicos, con las comunidades integradas al Programa de Seguridad Comunitaria, que se localicen, en los distritos que contemplan las área georreferenciadas del informe territorial de la Estrategia Sembremos Seguridad 2024, dos por año, una por semestre. | C3: 2 | D3: =SUM(E3:Q3) -> 1 | G3: 1
A4: GREAT/MPAS/DARE | B4: Realizar 4 procesos formativos (Cursos de la oferta de los programas DARE - GREAT - MPAS) en Centros Educativos, 2 por año, dentro de los distritos que contemplan las áreas georreferenciadas del informe territorial de la Estrategia Sembremos Seguridad 2024. Un curso diferente por semestre, un nivel completo. En caso de no contar con instructor acreditado DARE, se puede cumplir la meta con las charlas de Habilidades para la vida DARE, con el aval del Coordinador Nacional. | C4: 2 | D4: =SUM(E4:Q4) -> 0 | F4: 0 | G4: 0 | H4: 0 | I4: 0
A5: DARE | B5: Cubrir 2 procesos formativos en Centros Educativos (uno por año) ubicados dentro de los distritos que contemplan las áreas georreferenciadas del informe territorial de la Estrategia Sembremos Seguridad 2024, con los cursos del Programa DARE, Curso primaria. Curso Secundaria; un nivel completo por centro educativo, por semestre. En caso de no contar con instructor acreditado, se puede cumplir la meta con las charlas de Habilidades para la vida DARE, con el aval del Coordinador Nacional. | C5: 1 | D5: =SUM(E5:Q5) -> 0 | F5: 0 | G5: 0 | H5: 0 | I5: 0
A6: PSCC | B6: Cuatro comercios capacitados e integrados al Programa de Seguridad Comercial que se localicen, en los distritos que contemplan las área georreferenciadas del informe territorial de la Estrategia Sembremos Seguridad 2024, dos por año, una por semestre. | C6: 2 | D6: =SUM(E6:Q6) -> 0
A7: PSCC | B7: Dos estrategias de divulgación (Por medio de brochures, post o imágenes en redes sociales) diseñadas por la Estrategia de divulgación de la Dirección de Programas Policiales Preventivos, en el tema de "Prevención del Consumo de alcohol en vía pública" dirigidas a las comunidades integradas al Programa de Seguridad Comunitaria y a los comercios integrados al Programa de Seguridad Comercial que se localicen, en los distritos que contemplan las área georreferenciadas del informe territorial de la Estrategia Sembremos Seguridad 2024, una por año. | C7: 1 | D7: =SUM(E7:Q7) -> 0
A8: PSCC | B8: Dos estrategias de divulgación (Por medio de brochures, post o imágenes en redes sociales) en el tema del procedimiento para realizar una "Denuncia de ventas de drogas" diseñadas por la Estrategia de divulgación de la Dirección de Programas Policiales Preventivos dirigidas a las comunidades integradas al Programa de Seguridad Comunitaria que se localicen, en los distritos que contemplan las área georreferenciadas del informe territorial de la Estrategia Sembremos Seguridad 2024, una por año. | C8: 1 | D8: =SUM(E8:Q8) -> 0
A9: PSCC | B9: Cuatro capacitaciones, en el tema de "Denuncia a búnkers", dirigidas a las comunidades integradas al Programa de Seguridad Comunitaria que se localicen, en los distritos que contemplan las área georreferenciadas del informe territorial de la Estrategia Sembremos Seguridad 2024, dos por año, una por semestre. | C9: 2 | D9: =SUM(E9:Q9) -> 0
A10: PSCC | B10: Dos estrategias de divulgación (Por medio de brochures, post o imágenes en redes sociales) en el tema del procedimiento para realizar una "Denuncia de búnkers" dirigidas a las comunidades integradas al Programa de Seguridad Comunitaria que se localicen, en los distritos que contemplan las área georreferenciadas del informe territorial de la Estrategia Sembremos Seguridad 2024, una por año. | C10: 1 | D10: =SUM(E10:Q10) -> 0
A11: PLAN DE POLITICA LOCAL E IMPLEMENTACIÓN DE LA POLITICA LOCAL DE SEGURIDAD | B11: Conformación Comité | C11: 0 | D11: =SUM(E11:P11) -> 0
B12: Conformación de Comercio | C12: 0 | D12: =SUM(E12:P12) -> 0
B13: Reuniones-Jefaturas | C13: 12 | D13: =SUM(E13:P13) -> 2 | F13: 1 | G13: 1
B14: Campañas de divulgación | C14: 6 | D14: =SUM(E14:P14) -> 0
B15: Capacitaciones | C15: 0 | D15: =SUM(E15:P15) -> 0
B16: Charlas | C16: 3 | D16: =SUM(E16:P16) -> 0
B17: Talleres | C17: 0 | D17: =SUM(E17:P17) -> 0
B18: Sensibilización | C18: 0 | D18: =SUM(E18:P18) -> 0
B19: Actividades deportivas | C19: 0 | D19: =SUM(E19:P19) -> 0
B20: Cine en mi Barrio | C20: 0 | D20: =SUM(E20:P20) -> 0
B21: Cívico-policial | C21: 3 | D21: =SUM(E21:P21) -> 0
B22: Actividades culturales | C22: 0 | D22: =SUM(E22:P22) -> 0
B23: Ferias | C23: 0 | D23: =SUM(E23:P23) -> 0
B24: Stand informativo | C24: 0 | D24: =SUM(E24:P24) -> 0
B25: Visitas | C25: 135 | D25: =SUM(E25:P25) -> 65 | F25: 30 | G25: 2 | I25: 33
B26: Recuperación del espacio público | C26: 2 | D26: =SUM(E26:P26) -> 0
B27: Convocatoria de Mesas Locales | C27: 1 | D27: =SUM(E27:P27) -> 1 | G27: 1
B28: Exposición Informe Territorial ESS | C28: 1 | D28: =SUM(E28:P28) -> 0
B29: Primera Sesión de Trabajo | C29: 1 | D29: =SUM(E29:P29) -> 1 | J29: 1
B30: Segunda Sesión - Conformación Secretaria Técnica | C30: 1 | D30: =SUM(E30:P30) -> 0
B31: Tercera Sesión | C31: 1 | D31: =SUM(E31:P31) -> 0
B32: Elaboracióin del Texto de la Política Local | C32: 1 | D32: =SUM(E32:P32) -> 0
B33: Revisión Técnica DPPP | C33: 1 | D33: =SUM(E33:P33) -> 0
B34: Revisión Area Legal Gobierno Local | C34: 1 | D34: =SUM(E34:P34) -> 0
B35: Incorporación de Observaciones | C35: 1 | D35: =SUM(E35:P35) -> 0
B36: Aval del Director Regional | C36: 1 | D36: =SUM(E36:P36) -> 0
B37: Presentación al Consejo Municipal | C37: 1 | D37: =SUM(E37:P37) -> 0
B38: Presentación ante la Comunidad por parte del Director Regional y Alcalde | C38: 1 | D38: =SUM(E38:P38) -> 0
C39: =SUM(C3:C38) -> 185 | D39: =SUM(D3:D38) -> 70
D40: =D39/C39 -> 0.37837838

Sheet D03 Hospital
A1: PROGRAMA | B1: D03 Hospital | C1: META | D1: AVANCE | E1: ENERO | F1: FEBRERO | G1: MARZO | H1: ABRIL | I1: MAYO | J1: JUNIO | K1: JULIO | L1: AGOSTO | M1: SEPTIEMBRE | N1: OCTUBRE | O1: NOVIEMBRE | P1: DICIEMBRE
C2: 2026 | D2: Porcentual
A3: PSCC | B3: Cuatro actividades de recuperación de espacios públicos, con las comunidades integradas al Programa de Seguridad Comunitaria, que se localicen, en los distritos que contemplan las área georreferenciadas del informe territorial de la Estrategia Sembremos Seguridad 2024, dos por año, una por semestre. | C3: 2 | D3: =SUM(E3:P3) -> 2 | E3: 1 | H3: 1
A4: GREAT/MPAS/DARE | B4: Realizar 4 procesos formativos (Cursos de la oferta de los programas DARE - GREAT - MPAS) en Centros Educativos, 2 por año, dentro de los distritos que contemplan las áreas georreferenciadas del informe territorial de la Estrategia Sembremos Seguridad 2024. Un curso diferente por semestre, un nivel completo. En caso de no contar con instructor acreditado DARE, se puede cumplir la meta con las charlas de Habilidades para la vida DARE, con el aval del Coordinador Nacional. | C4: 2 | D4: =SUM(E4:P4) -> 1 | E4: 0 | F4: 0 | G4: 0 | H4: 0 | I4: 1
A5: DARE | B5: Cubrir 2 procesos formativos en Centros Educativos (uno por año) ubicados dentro de los distritos que contemplan las áreas georreferenciadas del informe territorial de la Estrategia Sembremos Seguridad 2024, con los cursos del Programa DARE, Curso primaria. Curso Secundaria; un nivel completo por centro educativo, por semestre. En caso de no contar con instructor acreditado, se puede cumplir la meta con las charlas de Habilidades para la vida DARE, con el aval del Coordinador Nacional. | C5: 1 | D5: =SUM(E5:P5) -> 1 | E5: 0 | F5: 0 | G5: 0 | H5: 0 | I5: 1
A6: PSCC | B6: Dos estrategias de divulgación (Por medio de brochures, post o imágenes en redes sociales) en el tema del procedimiento para realizar una "Denuncia de ventas de drogas" diseñadas por la Estrategia de divulgación de la Dirección de Programas Policiales Preventivos dirigidas a las comunidades integradas al Programa de Seguridad Comunitaria que se localicen, en los distritos que contemplan las área georreferenciadas del informe territorial de la Estrategia Sembremos Seguridad 2024, una por año. | C6: 1 | D6: =SUM(E6:P6) -> 1 | G6: 1
A7: PSCC | B7: Cuatro capacitaciones, en el tema de "Denuncia a búnkers", dirigidas a las comunidades integradas al Programa de Seguridad Comunitaria que se localicen, en los distritos que contemplan las área georreferenciadas del informe territorial de la Estrategia Sembremos Seguridad 2024, dos por año, una por semestre. | C7: 2 | D7: =SUM(E7:P7) -> 1 | J7: 1
A8: PSCC | B8: Dos estrategias de divulgación (Por medio de brochures, post o imágenes en redes sociales) en el tema del procedimiento para realizar una "Denuncia de búnkers" dirigidas a las comunidades integradas al Programa de Seguridad Comunitaria que se localicen, en los distritos que contemplan las área georreferenciadas del informe territorial de la Estrategia Sembremos Seguridad 2024, una por año. | C8: 1 | D8: =SUM(E8:P8) -> 1 | H8: 1
A9: PLAN DE POLITICA LOCAL E IMPLEMENTACIÓN DE LA POLITICA LOCAL DE SEGURIDAD | B9: Conformación Comité | D9: =SUM(E9:P9) -> 0
B10: Conformación de Comercio | D10: =SUM(E10:P10) -> 0
B11: Reuniones-Jefaturas | C11: 32 | D11: =SUM(E11:P11) -> 15 | E11: 5 | F11: 1 | G11: 1 | H11: 5 | I11: 3
B12: Campañas de divulgación | C12: 29 | D12: =SUM(E12:P12) -> 32 | G12: 4 | H12: 27 | J12: 1
B13: Capacitaciones | C13: 0 | D13: =SUM(E13:P13) -> 0
B14: Charlas | C14: 9 | D14: =SUM(E14:P14) -> 0
B15: Talleres | C15: 1 | D15: =SUM(E15:P15) -> 1 | F15: 1
B16: Sensibilización | C16: 0 | D16: =SUM(E16:P16) -> 0
B17: Actividades deportivas | C17: 1 | D17: =SUM(E17:P17) -> 1 | E17: 1
B18: Cine en mi Barrio | C18: 1 | D18: =SUM(E18:P18) -> 1 | E18: 1
B19: Cívico-policial | C19: 5 | D19: =SUM(E19:P19) -> 1 | I19: 1
B20: Actividades culturales | C20: 2 | D20: =SUM(E20:P20) -> 2 | H20: 2
B21: Ferias | C21: 0 | D21: =SUM(E21:P21) -> 0
B22: Stand informativo | C22: 0 | D22: =SUM(E22:P22) -> 0
B23: Visitas | C23: 128 | D23: =SUM(E23:P23) -> 51 | E23: 37 | H23: 14
B24: Recuperación del espacio público | C24: 5 | D24: =SUM(E24:P24) -> 1 | E24: 1
B25: Convocatoria de Mesas Locales | C25: 1 | D25: =SUM(E25:P25) -> 0
B26: Exposición Informe Territorial ESS | C26: 1 | D26: =SUM(E26:P26) -> 0
B27: Primera Sesión de Trabajo | C27: 1 | D27: =SUM(E27:P27) -> 0
B28: Segunda Sesión - Conformación Secretaria Técnica | C28: 1 | D28: =SUM(E28:P28) -> 0
B29: Tercera Sesión | C29: 1 | D29: =SUM(E29:P29) -> 0
B30: Elaboracióin del Texto de la Política Local | C30: 1 | D30: =SUM(E30:P30) -> 0
B31: Revisión Técnica DPPP | C31: 1 | D31: =SUM(E31:P31) -> 0
B32: Revisión Area Legal Gobierno Local | C32: 1 | D32: =SUM(E32:P32) -> 0
B33: Incorporación de Observaciones | C33: 1 | D33: =SUM(E33:P33) -> 0
B34: Aval del Director Regional | C34: 1 | D34: =SUM(E34:P34) -> 0
B35: Presentación al Consejo Municipal | C35: 1 | D35: =SUM(E35:P35) -> 0
B36: Presentación ante la Comunidad por parte del Director Regional y Alcalde | C36: 1 | D36: =SUM(E36:P36) -> 0
C37: =SUM(C3:C36) -> 234 | D37: =SUM(D3:D36) -> 112
D38: =D37/C37 -> 0.47863248

Sheet D04 Catedral
A1: PROGRAMA | B1: D04 CATEDRAL | C1: META | D1: AVANCE | E1: ENERO | F1: FEBRERO | G1: MARZO | H1: ABRIL | I1: MAYO | J1: JUNIO | K1: JULIO | L1: AGOSTO | M1: SEPTIEMBRE | N1: OCTUBRE | O1: NOVIEMBRE | P1: DICIEMBRE
C2: 2026 | D2: Porcentual
A3: PSCC | B3: Cuatro actividades de recuperación de espacios públicos, con las comunidades integradas al Programa de Seguridad Comunitaria, que se localicen, en los distritos que contemplan las área georreferenciadas del informe territorial de la Estrategia Sembremos Seguridad 2024, dos por año, una por semestre. | C3: 2 | D3: =SUM(E3:P3) -> 2 | F3: 1 | G3: 1
A4: GREAT/MPAS/DARE | B4: Realizar 4 procesos formativos (Cursos de la oferta de los programas DARE - GREAT - MPAS) en Centros Educativos, 2 por año, dentro de los distritos que contemplan las áreas georreferenciadas del informe territorial de la Estrategia Sembremos Seguridad 2024. Un curso diferente por semestre, un nivel completo. En caso de no contar con instructor acreditado DARE, se puede cumplir la meta con las charlas de Habilidades para la vida DARE, con el aval del Coordinador Nacional. | C4: 2 | D4: =SUM(E4:P4) -> 0 | E4: 0 | F4: 0 | G4: 0 | H4: 0
A5: DARE | B5: Cubrir 2 procesos formativos en Centros Educativos (uno por año) ubicados dentro de los distritos que contemplan las áreas georreferenciadas del informe territorial de la Estrategia Sembremos Seguridad 2024, con los cursos del Programa DARE, Curso primaria. Curso Secundaria; un nivel completo por centro educativo, por semestre. En caso de no contar con instructor acreditado, se puede cumplir la meta con las charlas de Habilidades para la vida DARE, con el aval del Coordinador Nacional. | C5: 1 | D5: =SUM(E5:P5) -> 0 | E5: 0 | F5: 0 | G5: 0 | H5: 0
A6: PSCC | B6: Cuatro comercios capacitados e integrados al Programa de Seguridad Comercial que se localicen, en los distritos que contemplan las área georreferenciadas del informe territorial de la Estrategia Sembremos Seguridad 2024, dos por año, una por semestre. | C6: 2 | D6: =SUM(E6:P6) -> 1 | I6: 1
A7: PSCC | B7: Cuatro estrategias de divulgación (Por medio de brochures, post o imágenes en redes sociales) diseñadas por la Estrategia de divulgación de la Dirección de Programas Policiales Preventivos, en el tema de "Prevención del Consumo de alcohol en vía pública" dirigidas a las comunidades integradas al Programa de Seguridad Comunitaria y a los comercios integrados al Programa de Seguridad Comercial que se localicen, en los distritos que contemplan las área georreferenciadas del informe territorial de la Estrategia Sembremos Seguridad 2024, dos por año. | C7: 2 | D7: =SUM(E7:P7) -> 1 | E7: 1
A8: PSCC | B8: Dos estrategias de divulgación (Por medio de brochures, post o imágenes en redes sociales) en el tema del procedimiento para realizar una "Denuncia de ventas de drogas" diseñadas por la Estrategia de divulgación de la Dirección de Programas Policiales Preventivos dirigidas a las comunidades integradas al Programa de Seguridad Comunitaria que se localicen, en los distritos que contemplan las área georreferenciadas del informe territorial de la Estrategia Sembremos Seguridad 2024, una por año. | C8: 1 | D8: =SUM(E8:P8) -> 0
A9: PLAN DE POLITICA LOCAL E IMPLEMENTACIÓN DE LA POLITICA LOCAL DE SEGURIDAD | B9: Conformación Comité | C9: 0 | D9: =SUM(E9:P9) -> 0
B10: Conformación de Comercio | C10: 0 | D10: =SUM(E10:P10) -> 0
B11: Reuniones-Jefaturas | C11: 32 | D11: =SUM(E11:P11) -> 14 | E11: 1 | G11: 2 | I11: 11
B12: Campañas de divulgación | C12: 8 | D12: =SUM(E12:P12) -> 1 | H12: 1
B13: Capacitaciones | C13: 0 | D13: =SUM(E13:P13) -> 0
B14: Charlas | C14: 8 | D14: =SUM(E14:P14) -> 0
B15: Talleres | C15: 5 | D15: =SUM(E15:P15) -> 0
B16: Sensibilización | C16: 3 | D16: =SUM(E16:P16) -> 0
B17: Actividades deportivas | C17: 2 | D17: =SUM(E17:P17) -> 0
B18: Cine en mi Barrio | C18: 3 | D18: =SUM(E18:P18) -> 0
B19: Cívico-policial | C19: 3 | D19: =SUM(E19:P19) -> 0
B20: Actividades culturales | C20: 0 | D20: =SUM(E20:P20) -> 0
B21: Ferias | C21: 0 | D21: =SUM(E21:P21) -> 0
B22: Stand informativo | C22: 0 | D22: =SUM(E22:P22) -> 0
B23: Visitas | C23: 67 | D23: =SUM(E23:P23) -> 18 | H23: 8 | J23: 10
B24: Recuperación del espacio público | C24: 2 | D24: =SUM(E24:P24) -> 0
B25: Convocatoria de Mesas Locales | C25: 1 | D25: =SUM(E25:P25) -> 1 | G25: 1
B26: Exposición Informe Territorial ESS | C26: 1 | D26: =SUM(E26:P26) -> 1 | J26: 1
B27: Primera Sesión de Trabajo | C27: 1 | D27: =SUM(E27:P27) -> 0
B28: Segunda Sesión - Conformación Secretaria Técnica | C28: 1 | D28: =SUM(E28:P28) -> 0
B29: Tercera Sesión | C29: 1 | D29: =SUM(E29:P29) -> 0
B30: Elaboracióin del Texto de la Política Local | C30: 1 | D30: =SUM(E30:P30) -> 0
B31: Revisión Técnica DPPP | C31: 1 | D31: =SUM(E31:P31) -> 0
B32: Revisión Area Legal Gobierno Local | C32: 1 | D32: =SUM(E32:P32) -> 0
B33: Incorporación de Observaciones | C33: 1 | D33: =SUM(E33:P33) -> 0
B34: Aval del Director Regional | C34: 1 | D34: =SUM(E34:P34) -> 0
B35: Presentación al Consejo Municipal | C35: 1 | D35: =SUM(E35:P35) -> 0
B36: Presentación ante la Comunidad por parte del Director Regional y Alcalde | C36: 1 | D36: =SUM(E36:P36) -> 0
C37: =SUM(C3:C36) -> 155 | D37: =SUM(D3:D36) -> 39
D38: =D37/C37 -> 0.2516129

Sheet D05 San Sebastián
A1: PROGRAMA | B1: D05 San Sebastian | C1: META | D1: AVANCE | E1: ENERO | F1: FEBRERO | G1: MARZO | H1: ABRIL | I1: MAYO | J1: JUNIO | K1: JULIO | L1: AGOSTO | M1: SEPTIEMBRE | N1: OCTUBRE | O1: NOVIEMBRE | P1: DICIEMBRE
C2: 2025 | D2: Porcentual
A3: PSCC | B3: Cuatro actividades de recuperación de espacios públicos, con las comunidades integradas al Programa de Seguridad Comunitaria, que se localicen, en los distritos que contemplan las área georreferenciadas del informe territorial de la Estrategia Sembremos Seguridad 2024, dos por año, una por semestre. | C3: 2 | D3: =SUM(E3:P3) -> 1 | H3: 1
A4: GREAT/MPAS/DARE | B4: Realizar 4 procesos formativos (Cursos de la oferta de los programas DARE - GREAT - MPAS) en Centros Educativos, 2 por año, dentro de los distritos que contemplan las áreas georreferenciadas del informe territorial de la Estrategia Sembremos Seguridad 2024. Un curso diferente por semestre, un nivel completo. En caso de no contar con instructor acreditado DARE, se puede cumplir la meta con las charlas de Habilidades para la vida DARE, con el aval del Coordinador Nacional. | C4: 2 | D4: =SUM(E4:P4) -> 0 | E4: 0 | F4: 0 | G4: 0 | H4: 0
A5: PSCC | B5: Dos estrategias de divulgación (Por medio de brochures, post o imágenes en redes sociales) en el tema del procedimiento para realizar una "Denuncia de ventas de drogas" diseñadas por la Estrategia de divulgación de la Dirección de Programas Policiales Preventivos dirigidas a las comunidades integradas al Programa de Seguridad Comunitaria que se localicen, en los distritos que contemplan las área georreferenciadas del informe territorial de la Estrategia Sembremos Seguridad 2024, una por año. | C5: 1 | D5: =SUM(E5:P5) -> 1 | G5: 1
A6: PSCC | B6: Cuatro capacitaciones, en el tema de Denuncia, dirigidas a las comunidades integradas al Programa de Seguridad Comunitaria, que se localicen, en los distritos que contemplan las área georreferenciadas del informe territorial de la Estrategia Sembremos Seguridad 2024, dos por año, una por semestre. | C6: 2 | D6: =SUM(E6:P6) -> 0
A7: PLAN DE POLITICA LOCAL E IMPLEMENTACIÓN DE LA POLITICA LOCAL DE SEGURIDAD | B7: Conformación Comité | C7: 3 | D7: =SUM(E7:P7) -> 3 | H7: 3
B8: Conformación de Comercio | C8: 3 | D8: =SUM(E8:P8) -> 0
B9: Reuniones-Jefaturas | C9: 80 | D9: =SUM(E9:P9) -> 29 | F9: 15 | G9: 2 | I9: 12
B10: Campañas de divulgación | C10: 165 | D10: =SUM(E10:P10) -> 3 | G10: 1 | H10: 2
B11: Capacitaciones | C11: 0 | D11: =SUM(E11:P11) -> 0
B12: Charlas | C12: 3 | D12: =SUM(E12:P12) -> 0
B13: Talleres | C13: 0 | D13: =SUM(E13:P13) -> 0
B14: Sensibilización | C14: 0 | D14: =SUM(E14:P14) -> 0
B15: Actividades deportivas | C15: 0 | D15: =SUM(E15:P15) -> 0
B16: Cine en mi Barrio | C16: 0 | D16: =SUM(E16:P16) -> 0
B17: Cívico-policial | C17: 2 | D17: =SUM(E17:P17) -> 0
B18: Actividades culturales | C18: 1 | D18: =SUM(E18:P18) -> 0
B19: Ferias | C19: 0 | D19: =SUM(E19:P19) -> 0
B20: Stand informativo | C20: 0 | D20: =SUM(E20:P20) -> 0
B21: Visitas | C21: 168 | D21: =SUM(E21:P21) -> 16 | F21: 16
B22: Recuperación del espacio público | C22: 2 | D22: =SUM(E22:P22) -> 0
B23: Convocatoria de Mesas Locales | C23: 1 | D23: =SUM(E23:P23) -> 1 | F23: 1
B24: Exposición Informe Territorial ESS | C24: 1 | D24: =SUM(E24:P24) -> 1 | F24: 1
B25: Primera Sesión de Trabajo | C25: 1 | D25: =SUM(E25:P25) -> 1 | G25: 1
B26: Segunda Sesión - Conformación Secretaria Técnica | C26: 1 | D26: =SUM(E26:P26) -> 1 | I26: 1
B27: Tercera Sesión | C27: 1 | D27: =SUM(E27:P27) -> 0
B28: Elaboracióin del Texto de la Política Local | C28: 1 | D28: =SUM(E28:P28) -> 0
B29: Revisión Técnica DPPP | C29: 1 | D29: =SUM(E29:P29) -> 0
B30: Revisión Area Legal Gobierno Local | C30: 1 | D30: =SUM(E30:P30) -> 0
B31: Incorporación de Observaciones | C31: 1 | D31: =SUM(E31:P31) -> 0
B32: Aval del Director Regional | C32: 1 | D32: =SUM(E32:P32) -> 0
B33: Presentación al Consejo Municipal | C33: 1 | D33: =SUM(E33:P33) -> 0
B34: Presentación ante la Comunidad por parte del Director Regional y Alcalde | C34: 1 | D34: =SUM(E34:P34) -> 0
C35: =SUM(C3:C34) -> 446 | D35: =SUM(D3:D34) -> 57
D36: =D35/C35 -> 0.12780269

Sheet D06 Hatillo
A1: PROGRAMA | B1: D06 Hatillo | C1: META | D1: AVANCE | E1: ENERO | F1: FEBRERO | G1: MARZO | H1: ABRIL | I1: MAYO | J1: JUNIO | K1: JULIO | L1: AGOSTO | M1: SEPTIEMBRE | N1: OCTUBRE | O1: NOVIEMBRE | P1: DICIEMBRE
C2: 2026 | D2: Porcentual
A3: PSCC | B3: Cuatro actividades de recuperación de espacios públicos, con las comunidades integradas al Programa de Seguridad Comunitaria, que se localicen, en los distritos que contemplan las área georreferenciadas del informe territorial de la Estrategia Sembremos Seguridad 2024, dos por año, una por semestre. | C3: 2 | D3: =SUM(E3:P3) -> 1 | H3: 1
A4: GREAT/MPAS/DARE | B4: Realizar 4 procesos formativos (Cursos de la oferta de los programas DARE - GREAT - MPAS) en Centros Educativos, 2 por año, dentro de los distritos que contemplan las áreas georreferenciadas del informe territorial de la Estrategia Sembremos Seguridad 2024. Un curso diferente por semestre, un nivel completo. En caso de no contar con instructor acreditado DARE, se puede cumplir la meta con las charlas de Habilidades para la vida DARE, con el aval del Coordinador Nacional. | C4: 2 | D4: =SUM(E4:P4) -> 1 | E4: 0 | F4: 0 | G4: 0 | H4: 0 | I4: 1
A5: PSCC | B5: Dos estrategias de divulgación (Por medio de brochures, post o imágenes en redes sociales) en el tema del procedimiento para realizar una "Denuncia de ventas de drogas" diseñadas por la Estrategia de divulgación de la Dirección de Programas Policiales Preventivos dirigidas a las comunidades integradas al Programa de Seguridad Comunitaria que se localicen, en los distritos que contemplan las área georreferenciadas del informe territorial de la Estrategia Sembremos Seguridad 2024, una por año. | C5: 1 | D5: =SUM(E5:P5) -> 1 | H5: 1
A6: PSCC | B6: Cuatro capacitaciones, en el tema de Denuncia, dirigidas a las comunidades integradas al Programa de Seguridad Comunitaria, que se localicen, en los distritos que contemplan las área georreferenciadas del informe territorial de la Estrategia Sembremos Seguridad 2024, dos por año, una por semestre. | C6: 2 | D6: =SUM(E6:P6) -> 1 | J6: 1
A7: PLAN DE POLITICA LOCAL E IMPLEMENTACIÓN DE LA POLITICA LOCAL DE SEGURIDAD | B7: Conformación Comité | C7: 1 | D7: =SUM(E7:P7) -> 0
B8: Conformación de Comercio | C8: 3 | D8: =SUM(E8:P8) -> 0
B9: Reuniones-Jefaturas | C9: 52 | D9: =SUM(E9:P9) -> 28 | F9: 14 | H9: 12 | I9: 2
B10: Campañas de divulgación | C10: 44 | D10: =SUM(E10:P10) -> 14 | H10: 7 | J10: 7
B11: Capacitaciones | C11: 0 | D11: =SUM(E11:P11) -> 0
B12: Charlas | C12: 2 | D12: =SUM(E12:P12) -> 0
B13: Talleres | C13: 0 | D13: =SUM(E13:P13) -> 0
B14: Sensibilización | C14: 0 | D14: =SUM(E14:P14) -> 0
B15: Actividades deportivas | C15: 0 | D15: =SUM(E15:P15) -> 0
B16: Cine en mi Barrio | C16: 0 | D16: =SUM(E16:P16) -> 0
B17: Cívico-policial | C17: 0 | D17: =SUM(E17:P17) -> 0
B18: Actividades culturales | C18: 0 | D18: =SUM(E18:P18) -> 0
B19: Ferias | C19: 1 | D19: =SUM(E19:P19) -> 0
B20: Stand informativo | C20: 0 | D20: =SUM(E20:P20) -> 0
B21: Visitas | C21: 58 | D21: =SUM(E21:P21) -> 46 | F21: 26 | I21: 20
B22: Recuperación del espacio público | C22: 2 | D22: =SUM(E22:P22) -> 0
B23: Convocatoria de Mesas Locales | C23: 1 | D23: =SUM(E23:P23) -> 1 | E23: 1
B24: Exposición Informe Territorial ESS | C24: 1 | D24: =SUM(E24:P24) -> 1 | E24: 1
B25: Primera Sesión de Trabajo | C25: 1 | D25: =SUM(E25:P25) -> 1 | E25: 1
B26: Segunda Sesión - Conformación Secretaria Técnica | C26: 1 | D26: =SUM(E26:P26) -> 1 | E26: 1
B27: Tercera Sesión | C27: 1 | D27: =SUM(E27:P27) -> 1 | E27: 1
B28: Elaboracióin del Texto de la Política Local | C28: 1 | D28: =SUM(E28:P28) -> 1 | E28: 1
B29: Revisión Técnica DPPP | C29: 1 | D29: =SUM(E29:P29) -> 1 | E29: 1
B30: Revisión Area Legal Gobierno Local | C30: 1 | D30: =SUM(E30:P30) -> 0
B31: Incorporación de Observaciones | C31: 1 | D31: =SUM(E31:P31) -> 0
B32: Aval del Director Regional | C32: 1 | D32: =SUM(E32:P32) -> 0
B33: Presentación al Consejo Municipal | C33: 1 | D33: =SUM(E33:P33) -> 0
B34: Presentación ante la Comunidad por parte del Director Regional y Alcalde | C34: 1 | D34: =SUM(E34:P34) -> 0
C35: =SUM(C3:C34) -> 182 | D35: =SUM(D3:D34) -> 99
D36: =D35/C35 -> 0.54395604

Sheet D07 San Fco Zapote
A1: PROGRAMA | B1: D07 San Framcisco - Zapote | C1: META | D1: AVANCE | E1: ENERO | F1: FEBRERO | G1: MARZO | H1: ABRIL | I1: MAYO | J1: JUNIO | K1: JULIO | L1: AGOSTO | M1: SEPTIEMBRE | N1: OCTUBRE | O1: NOVIEMBRE | P1: DICIEMBRE
C2: 2026 | D2: Porcentual
A3: PSCC | B3: Cuatro actividades de recuperación de espacios públicos, con las comunidades integradas al Programa de Seguridad Comunitaria, que se localicen, en los distritos que contemplan las área georreferenciadas del informe territorial de la Estrategia Sembremos Seguridad 2024, dos por año, una por semestre. | C3: 2 | D3: =SUM(E3:P3) -> 0
A4: GREAT/MPAS/DARE | B4: Realizar 4 procesos formativos (Cursos de la oferta de los programas DARE - GREAT - MPAS) en Centros Educativos, 2 por año, dentro de los distritos que contemplan las áreas georreferenciadas del informe territorial de la Estrategia Sembremos Seguridad 2024. Un curso diferente por semestre, un nivel completo. En caso de no contar con instructor acreditado DARE, se puede cumplir la meta con las charlas de Habilidades para la vida DARE, con el aval del Coordinador Nacional. | C4: 2 | D4: =SUM(E4:P4) -> 0 | E4: 0 | F4: 0 | G4: 0 | H4: 0
A5: PSCC | B5: Dos estrategias de divulgación (Por medio de brochures, post o imágenes en redes sociales) en el tema del procedimiento para realizar una "Denuncia de ventas de drogas" diseñadas por la Estrategia de divulgación de la Dirección de Programas Policiales Preventivos dirigidas a las comunidades integradas al Programa de Seguridad Comunitaria que se localicen, en los distritos que contemplan las área georreferenciadas del informe territorial de la Estrategia Sembremos Seguridad 2024, una por año. | C5: 1 | D5: =SUM(E5:P5) -> 1 | E5: 1
A6: PSCC | B6: Cuatro capacitaciones, en el tema de Denuncia, dirigidas a las comunidades integradas al Programa de Seguridad Comunitaria, que se localicen, en los distritos que contemplan las área georreferenciadas del informe territorial de la Estrategia Sembremos Seguridad 2024, dos por año, una por semestre. | C6: 2 | D6: =SUM(E6:P6) -> 1 | F6: 1
A7: PLAN DE POLITICA LOCAL E IMPLEMENTACIÓN DE LA POLITICA LOCAL DE SEGURIDAD | B7: Conformación Comité | C7: 1 | D7: =SUM(E7:P7) -> 0
B8: Conformación de Comercio | C8: 3 | D8: =SUM(E8:P8) -> 0
B9: Reuniones-Jefaturas | C9: 52 | D9: =SUM(E9:P9) -> 26 | F9: 6 | G9: 7 | H9: 7 | I9: 6
B10: Campañas de divulgación | C10: 44 | D10: =SUM(E10:P10) -> 28 | E10: 13 | H10: 15
B11: Capacitaciones | C11: 0 | D11: =SUM(E11:P11) -> 0
B12: Charlas | C12: 2 | D12: =SUM(E12:P12) -> 0
B13: Talleres | C13: 0 | D13: =SUM(E13:P13) -> 0
B14: Sensibilización | C14: 0 | D14: =SUM(E14:P14) -> 0
B15: Actividades deportivas | C15: 0 | D15: =SUM(E15:P15) -> 0
B16: Cine en mi Barrio | C16: 0 | D16: =SUM(E16:P16) -> 0
B17: Cívico-policial | C17: 0 | D17: =SUM(E17:P17) -> 0
B18: Actividades culturales | C18: 0 | D18: =SUM(E18:P18) -> 0
B19: Ferias | C19: 1 | D19: =SUM(E19:P19) -> 1 | F19: 1
B20: Stand informativo | C20: 0 | D20: =SUM(E20:P20) -> 0
B21: Visitas | C21: 58 | D21: =SUM(E21:P21) -> 11 | F21: 11
B22: Recuperación del espacio público | C22: 2 | D22: =SUM(E22:P22) -> 0
B23: Convocatoria de Mesas Locales | C23: 2 | D23: =SUM(E23:P23) -> 1 | G23: 1
B24: Exposición Informe Territorial ESS | C24: 2 | D24: =SUM(E24:P24) -> 0
B25: Primera Sesión de Trabajo | C25: 2 | D25: =SUM(E25:P25) -> 2 | I25: 2
B26: Segunda Sesión - Conformación Secretaria Técnica | C26: 2 | D26: =SUM(E26:P26) -> 0
B27: Tercera Sesión | C27: 2 | D27: =SUM(E27:P27) -> 0
B28: Elaboracióin del Texto de la Política Local | C28: 1 | D28: =SUM(E28:P28) -> 0
B29: Revisión Técnica DPPP | C29: 1 | D29: =SUM(E29:P29) -> 0
B30: Revisión Area Legal Gobierno Local | C30: 1 | D30: =SUM(E30:P30) -> 0
B31: Incorporación de Observaciones | C31: 1 | D31: =SUM(E31:P31) -> 0
B32: Aval del Director Regional | C32: 1 | D32: =SUM(E32:P32) -> 0
B33: Presentación al Consejo Municipal | C33: 1 | D33: =SUM(E33:P33) -> 0
B34: Presentación ante la Comunidad por parte del Director Regional y Alcalde | C34: 1 | D34: =SUM(E34:P34) -> 0
C35: =SUM(C3:C34) -> 187 | D35: =SUM(D3:D34) -> 71
D36: =D35/C35 -> 0.37967914

Sheet D08 Pavas
A1: PROGRAMA | B1: D08 Pavas | C1: META | D1: AVANCE | E1: ENERO | F1: FEBRERO | G1: MARZO | H1: ABRIL | I1: MAYO | J1: JUNIO | K1: JULIO | L1: AGOSTO | M1: SEPTIEMBRE | N1: OCTUBRE | O1: NOVIEMBRE | P1: DICIEMBRE
C2: 2026 | D2: Porcentual
A3: PSCC | B3: Cuatro actividades de recuperación de espacios públicos, con las comunidades integradas al Programa de Seguridad Comunitaria, que se localicen, en los distritos que contemplan las área georreferenciadas del informe territorial de la Estrategia Sembremos Seguridad 2024, dos por año, una por semestre. | C3: 2 | D3: =SUM(E3:P3) -> 1 | G3: 1
A4: GREAT/MPAS/DARE | B4: Realizar 4 procesos formativos (Cursos de la oferta de los programas DARE - GREAT - MPAS) en Centros Educativos, 2 por año, dentro de los distritos que contemplan las áreas georreferenciadas del informe territorial de la Estrategia Sembremos Seguridad 2024. Un curso diferente por semestre, un nivel completo. En caso de no contar con instructor acreditado DARE, se puede cumplir la meta con las charlas de Habilidades para la vida DARE, con el aval del Coordinador Nacional. | C4: 2 | D4: =SUM(E4:P4) -> 0 | E4: 0 | F4: 0 | G4: 0 | H4: 0
A5: PSCC | B5: Dos estrategias de divulgación (Por medio de brochures, post o imágenes en redes sociales) en el tema del procedimiento para realizar una "Denuncia de ventas de drogas" diseñadas por la Estrategia de divulgación de la Dirección de Programas Policiales Preventivos dirigidas a las comunidades integradas al Programa de Seguridad Comunitaria que se localicen, en los distritos que contemplan las área georreferenciadas del informe territorial de la Estrategia Sembremos Seguridad 2024, una por año. | C5: 1 | D5: =SUM(E5:P5) -> 1 | G5: 1
A6: PSCC | B6: Cuatro capacitaciones, en el tema de Denuncia, dirigidas a las comunidades integradas al Programa de Seguridad Comunitaria, que se localicen, en los distritos que contemplan las área georreferenciadas del informe territorial de la Estrategia Sembremos Seguridad 2024, dos por año, una por semestre. | C6: 2 | D6: =SUM(E6:P6) -> 1 | H6: 1
A7: PLAN DE POLITICA LOCAL E IMPLEMENTACIÓN DE LA POLITICA LOCAL DE SEGURIDAD | B7: Conformación Comité | C7: 0 | D7: =SUM(E7:P7) -> 0
B8: Conformación de Comercio | C8: 0 | D8: =SUM(E8:P8) -> 0
B9: Reuniones-Jefaturas | C9: 88 | D9: =SUM(E9:P9) -> 44 | F9: 2 | G9: 19 | H9: 2 | I9: 21
B10: Campañas de divulgación | C10: 59 | D10: =SUM(E10:P10) -> 37 | G10: 19 | H10: 18
B11: Capacitaciones | C11: 0 | D11: =SUM(E11:P11) -> 0
B12: Charlas | C12: 2 | D12: =SUM(E12:P12) -> 0
B13: Talleres | C13: 0 | D13: =SUM(E13:P13) -> 0
B14: Sensibilización | C14: 0 | D14: =SUM(E14:P14) -> 0
B15: Actividades deportivas | C15: 0 | D15: =SUM(E15:P15) -> 0
B16: Cine en mi Barrio | C16: 1 | D16: =SUM(E16:P16) -> 0
B17: Cívico-policial | C17: 0 | D17: =SUM(E17:P17) -> 0
B18: Actividades culturales | C18: 0 | D18: =SUM(E18:P18) -> 0
B19: Ferias | C19: 0 | D19: =SUM(E19:P19) -> 0
B20: Stand informativo | C20: 0 | D20: =SUM(E20:P20) -> 0
B21: Visitas | C21: 82 | D21: =SUM(E21:P21) -> 32 | F21: 13 | G21: 2 | I21: 17
B22: Recuperación del espacio público | C22: 2 | D22: =SUM(E22:P22) -> 0
B23: Convocatoria de Mesas Locales | C23: 1 | D23: =SUM(E23:P23) -> 0
B24: Exposición Informe Territorial ESS | C24: 1 | D24: =SUM(E24:P24) -> 0
B25: Primera Sesión de Trabajo | C25: 1 | D25: =SUM(E25:P25) -> 0
B26: Segunda Sesión - Conformación Secretaria Técnica | C26: 1 | D26: =SUM(E26:P26) -> 0
B27: Tercera Sesión | C27: 1 | D27: =SUM(E27:P27) -> 0
B28: Elaboracióin del Texto de la Política Local | C28: 1 | D28: =SUM(E28:P28) -> 0
B29: Revisión Técnica DPPP | C29: 1 | D29: =SUM(E29:P29) -> 0
B30: Revisión Area Legal Gobierno Local | C30: 1 | D30: =SUM(E30:P30) -> 0
B31: Incorporación de Observaciones | C31: 1 | D31: =SUM(E31:P31) -> 0
B32: Aval del Director Regional | C32: 1 | D32: =SUM(E32:P32) -> 0
B33: Presentación al Consejo Municipal | C33: 1 | D33: =SUM(E33:P33) -> 0
B34: Presentación ante la Comunidad por parte del Director Regional y Alcalde | C34: 1 | D34: =SUM(E34:P34) -> 0
C35: =SUM(C3:C34) -> 253 | D35: =SUM(D3:D34) -> 116
D36: =D35/C35 -> 0.45849802

Sheet D09 Mata Red Uruca
A1: PROGRAMA | B1: D09 Mata Redonda - La Uruca | C1: META | D1: AVANCE | E1: ENERO | F1: FEBRERO | G1: MARZO | H1: ABRIL | I1: MAYO | J1: JUNIO | K1: JULIO | L1: AGOSTO | M1: SEPTIEMBRE | N1: OCTUBRE | O1: NOVIEMBRE | P1: DICIEMBRE
C2: 2026 | D2: Porcentual
A3: PSCC | B3: Cuatro actividades de recuperación de espacios públicos, con las comunidades integradas al Programa de Seguridad Comunitaria, que se localicen, en los distritos que contemplan las área georreferenciadas del informe territorial de la Estrategia Sembremos Seguridad 2024, dos por año, una por semestre. | C3: 2 | D3: =SUM(E3:P3) -> 0
A4: GREAT/MPAS/DARE | B4: Realizar 4 procesos formativos (Cursos de la oferta de los programas DARE - GREAT - MPAS) en Centros Educativos, 2 por año, dentro de los distritos que contemplan las áreas georreferenciadas del informe territorial de la Estrategia Sembremos Seguridad 2024. Un curso diferente por semestre, un nivel completo. En caso de no contar con instructor acreditado DARE, se puede cumplir la meta con las charlas de Habilidades para la vida DARE, con el aval del Coordinador Nacional. | C4: 3 | D4: =SUM(E4:P4) -> 0 | E4: 0 | F4: 0 | G4: 0 | H4: 0
A5: PSCC | B5: Dos estrategias de divulgación (Por medio de brochures, post o imágenes en redes sociales) en el tema del procedimiento para realizar una "Denuncia de ventas de drogas" diseñadas por la Estrategia de divulgación de la Dirección de Programas Policiales Preventivos dirigidas a las comunidades integradas al Programa de Seguridad Comunitaria que se localicen, en los distritos que contemplan las área georreferenciadas del informe territorial de la Estrategia Sembremos Seguridad 2024, una por año. | C5: 4 | D5: =SUM(E5:P5) -> 0
A6: PSCC | B6: Cuatro capacitaciones, en el tema de Denuncia, dirigidas a las comunidades integradas al Programa de Seguridad Comunitaria, que se localicen, en los distritos que contemplan las área georreferenciadas del informe territorial de la Estrategia Sembremos Seguridad 2024, dos por año, una por semestre. | C6: 5 | D6: =SUM(E6:P6) -> 1 | G6: 1
A7: PLAN DE POLITICA LOCAL E IMPLEMENTACIÓN DE LA POLITICA LOCAL DE SEGURIDAD | B7: Conformación Comité | C7: 0 | D7: =SUM(E7:P7) -> 0
B8: Conformación de Comercio | C8: 0 | D8: =SUM(E8:P8) -> 0
B9: Reuniones-Jefaturas | C9: 32 | D9: =SUM(E9:P9) -> 18 | F9: 8 | G9: 3 | H9: 7
B10: Campañas de divulgación | C10: 8 | D10: =SUM(E10:P10) -> 8 | E10: 8
B11: Capacitaciones | C11: 0 | D11: =SUM(E11:P11) -> 0
B12: Charlas | C12: 8 | D12: =SUM(E12:P12) -> 3 | G12: 1 | I12: 2
B13: Talleres | C13: 5 | D13: =SUM(E13:P13) -> 0
B14: Sensibilización | C14: 3 | D14: =SUM(E14:P14) -> 2 | H14: 1 | I14: 1
B15: Actividades deportivas | C15: 2 | D15: =SUM(E15:P15) -> 1 | H15: 1
B16: Cine en mi Barrio | C16: 3 | D16: =SUM(E16:P16) -> 2 | E16: 1 | F16: 1
B17: Cívico-policial | C17: 3 | D17: =SUM(E17:P17) -> 0
B18: Actividades culturales | C18: 0 | D18: =SUM(E18:P18) -> 0
B19: Ferias | C19: 0 | D19: =SUM(E19:P19) -> 0
B20: Stand informativo | C20: 0 | D20: =SUM(E20:P20) -> 0
B21: Visitas | C21: 67 | D21: =SUM(E21:P21) -> 18 | E21: 17 | G21: 1
B22: Recuperación del espacio público | C22: 2 | D22: =SUM(E22:P22) -> 1 | G22: 1
B23: Convocatoria de Mesas Locales | C23: 2 | D23: =SUM(E23:P23) -> 2 | F23: 1 | G23: 1
B24: Exposición Informe Territorial ESS | C24: 2 | D24: =SUM(E24:P24) -> 0
B25: Primera Sesión de Trabajo | C25: 2 | D25: =SUM(E25:P25) -> 0
B26: Segunda Sesión - Conformación Secretaria Técnica | C26: 2 | D26: =SUM(E26:P26) -> 0
B27: Tercera Sesión | C27: 2 | D27: =SUM(E27:P27) -> 0
B28: Elaboracióin del Texto de la Política Local | C28: 1 | D28: =SUM(E28:P28) -> 0
B29: Revisión Técnica DPPP | C29: 1 | D29: =SUM(E29:P29) -> 0
B30: Revisión Area Legal Gobierno Local | C30: 1 | D30: =SUM(E30:P30) -> 0
B31: Incorporación de Observaciones | C31: 1 | D31: =SUM(E31:P31) -> 0
B32: Aval del Director Regional | C32: 1 | D32: =SUM(E32:P32) -> 0
B33: Presentación al Consejo Municipal | C33: 1 | D33: =SUM(E33:P33) -> 0
B34: Presentación ante la Comunidad por parte del Director Regional y Alcalde | C34: 1 | D34: =SUM(E34:P34) -> 0
C35: =SUM(C3:C34) -> 164 | D35: =SUM(D3:D34) -> 56
D36: =D35/C35 -> 0.34146341

Sheet Total Region
A1: Delegación | C1: META | D1: AVANCE | E1: % AVANCE
A2: D01 | B2: CARMEN | C2: ='D01 Carmen'!C38 -> 106 | D2: ='D01 Carmen'!D38 -> 52 | E2: ='D01 Carmen'!D39 -> 0.49056604
A3: D02 | B3: MERCED | C3: ='D02 Merced'!C39 -> 185 | D3: ='D02 Merced'!D39 -> 70 | E3: ='D02 Merced'!D40 -> 0.37837838
A4: D03 | B4: HOSPITAL | C4: ='D03 Hospital'!C37 -> 234 | D4: ='D03 Hospital'!D37 -> 112 | E4: ='D03 Hospital'!D38 -> 0.47863248
A5: D04 | B5: CATEDRAL | C5: ='D04 Catedral'!C37 -> 155 | D5: ='D04 Catedral'!D37 -> 39 | E5: ='D04 Catedral'!D38 -> 0.2516129
A6: D05 | B6: SAN SEBASTIAN | C6: ='D05 San Sebastián'!C35 -> 446 | D6: ='D05 San Sebastián'!D35 -> 57 | E6: ='D05 San Sebastián'!D36 -> 0.12780269
A7: D06 | B7: HATILLO | C7: ='D06 Hatillo'!C35 -> 182 | D7: ='D06 Hatillo'!D35 -> 99 | E7: ='D06 Hatillo'!D36 -> 0.54395604
A8: D07 | B8: SAN FCO ZAPOTE | C8: ='D07 San Fco Zapote'!C35 -> 187 | D8: ='D07 San Fco Zapote'!D35 -> 71 | E8: ='D07 San Fco Zapote'!D36 -> 0.37967914
A9: D08 | B9: PAVAS | C9: ='D08 Pavas'!C35 -> 253 | D9: ='D08 Pavas'!D35 -> 116 | E9: ='D08 Pavas'!D36 -> 0.45849802
A10: D09 | B10: MATA RED URUCA | C10: ='D09 Mata Red Uruca'!C35 -> 164 | D10: ='D09 Mata Red Uruca'!D35 -> 56 | E10: ='D09 Mata Red Uruca'!D36 -> 0.34146341
B11: TOTALES | C11: =SUM(C2:C10) -> 1912 | D11: =SUM(D2:D10) -> 672 | E11: =D11/C11 -> 0.35146444
