Workbook
Name ABANG: [1]DAT2!#REF!
Name ABANG: [2]DAT2!#REF!
Name ABANG: [3]DAT2!#REF!
Name ABANG: [4]DAT2!#REF!
Name ABANG: [5]DAT2!#REF!
Name ABANG: [6]DAT2!#REF!
Name ABANG: [7]DAT2!#REF!
Name ABANG: [8]DAT2!#REF!
Name ABANG: [9]DAT2!#REF!
Name ABANG: [10]DAT2!#REF!
Name ACOS: [1]DAT2!#REF!
Name ACOS: [2]DAT2!#REF!
Name ACOS: [3]DAT2!#REF!
Name ACOS: [4]DAT2!#REF!
Name ACOS: [5]DAT2!#REF!
Name ACOS: [6]DAT2!#REF!
Name ACOS: [7]DAT2!#REF!
Name ACOS: [8]DAT2!#REF!
Name ACOS: [9]DAT2!#REF!
Name ACOS: [10]DAT2!#REF!
Name ALAJU: [1]DAT2!#REF!
Name ALAJU: [2]DAT2!#REF!
Name ALAJU: [3]DAT2!#REF!
Name ALAJU: [4]DAT2!#REF!
Name ALAJU: [5]DAT2!#REF!
Name ALAJU: [6]DAT2!#REF!
Name ALAJU: [7]DAT2!#REF!
Name ALAJU: [8]DAT2!#REF!
Name ALAJU: [9]DAT2!#REF!
Name ALAJU: [10]DAT2!#REF!
Name ALAJUE: [1]DAT2!#REF!
Name ALAJUE: [2]DAT2!#REF!
Name ALAJUE: [3]DAT2!#REF!
Name ALAJUE: [4]DAT2!#REF!
Name ALAJUE: [5]DAT2!#REF!
Name ALAJUE: [6]DAT2!#REF!
Name ALAJUE: [7]DAT2!#REF!
Name ALAJUE: [8]DAT2!#REF!
Name ALAJUE: [9]DAT2!#REF!
Name ALAJUE: [10]DAT2!#REF!
Name ALVA: [1]DAT2!#REF!
Name ALVA: [2]DAT2!#REF!
Name ALVA: [3]DAT2!#REF!
Name ALVA: [4]DAT2!#REF!
Name ALVA: [5]DAT2!#REF!
Name ALVA: [6]DAT2!#REF!
Name ALVA: [7]DAT2!#REF!
Name ALVA: [8]DAT2!#REF!
Name ALVA: [9]DAT2!#REF!
Name ALVA: [10]DAT2!#REF!
Name ASERR: [1]DAT2!#REF!
Name ASERR: [2]DAT2!#REF!
Name ASERR: [3]DAT2!#REF!
Name ASERR: [4]DAT2!#REF!
Name ASERR: [5]DAT2!#REF!
Name ASERR: [6]DAT2!#REF!
Name ASERR: [7]DAT2!#REF!
Name ASERR: [8]DAT2!#REF!
Name ASERR: [9]DAT2!#REF!
Name ASERR: [10]DAT2!#REF!

Sheet D49 Heredia
A1: PROGRAMA | B1: D49 HEREDIA | C1: META | D1: AVANCE | E1: ENERO | F1: FEBRERO | G1: MARZO | H1: ABRIL | I1: MAYO | J1: JUNIO | K1: JULIO | L1: AGOSTO | M1: SEPTIEMBRE | N1: OCTUBRE | O1: NOVIEMBRE | P1: DICIEMBRE
C2: 2026 | D2: Porcentual
A3: PSCC | B3: Cuatro actividades de recuperación de espacios públicos, con las comunidades integradas al Programa de Seguridad Comunitaria, que se localicen, en los distritos que contemplan las área georreferenciadas del informe territorial de la Estrategia Sembremos Seguridad 2024, dos por año, una por semestre. | C3: 2 | D3: =SUM(E3:P3) -> 1 | G3: 1
A4: GREAT/MPAS/DARE | B4: Realizar 4 procesos formativos (Cursos de la oferta de los programas DARE - GREAT - MPAS) en Centros Educativos, 2 por año, dentro de los distritos que contemplan las áreas georreferenciadas del informe territorial de la Estrategia Sembremos Seguridad 2024. Un curso diferente por semestre, un nivel completo. En caso de no contar con instructor acreditado DARE, se puede cumplir la meta con las charlas de Habilidades para la vida DARE, con el aval del Coordinador Nacional. | C4: 2 | D4: =SUM(E4:P4) -> 1 | E4: 0 | F4: 0 | G4: 0 | H4: 0 | I4: 1
A5: DARE | B5: Cubrir 4 procesos formativos en Centros Educativos (dos por año) ubicados dentro de los distritos que contemplan las áreas georreferenciadas del informe territorial de la Estrategia Sembremos Seguridad 2024, con los cursos del Programa DARE: , Curso primaria. Curso Secundaria; un nivel completo por centro educativo, por semestre. En caso de no contar con instructor acreditado, se puede cumplir la meta con las charlas de Habilidades para la vida DARE, con el aval del Coordinador Nacional. | C5: 2 | D5: =SUM(E5:P5) -> 0 | E5: 0 | F5: 0 | G5: 0 | H5: 0
A6: PLAN DE POLITICA LOCAL E IMPLEMENTACIÓN DE LA POLITICA LOCAL DE SEGURIDAD | B6: Conformación Comité | C6: 3 | D6: =SUM(E6:O6) -> 2 | H6: 1 | I6: 1
B7: Conformación de Comercio | C7: 3 | D7: =SUM(E7:O7) -> 0
B8: Reuniones-Jefaturas | C8: 152 | D8: =SUM(E8:O8) -> 70 | E8: 18 | F8: 19 | G8: 1 | H8: 16 | I8: 16
B9: Campañas de divulgación | C9: 69 | D9: =SUM(E9:O9) -> 27 | G9: 24 | H9: 2 | I9: 1
B10: Capacitaciones | C10: 0 | D10: =SUM(E10:O10) -> 0
B11: Charlas | C11: 21 | D11: =SUM(E11:O11) -> 1 | E11: 1
B12: Talleres | C12: 1 | D12: =SUM(E12:O12) -> 0
B13: Sensibilización | C13: 0 | D13: =SUM(E13:O13) -> 0
B14: Actividades deportivas | C14: 2 | D14: =SUM(E14:O14) -> 2 | F14: 1 | I14: 1
B15: Cine en mi Barrio | C15: 2 | D15: =SUM(E15:O15) -> 0
B16: Cívico-policial | C16: 0 | D16: =SUM(E16:O16) -> 0
B17: Actividades culturales | C17: 0 | D17: =SUM(E17:O17) -> 0
B18: Ferias | C18: 0 | D18: =SUM(E18:O18) -> 0
B19: Stand informativo | C19: 44 | D19: =SUM(E19:O19) -> 39 | F19: 12 | H19: 1 | I19: 26
B20: Visitas | C20: 187 | D20: =SUM(E20:O20) -> 48 | G20: 44 | J20: 4
B21: Recuperación del espacio público | C21: 2 | D21: =SUM(E21:O21) -> 0
B22: Convocatoria de Mesas Locales | C22: 4 | D22: =SUM(E22:O22) -> 4 | G22: 4
B23: Exposición Informe Territorial ESS | C23: 4 | D23: =SUM(E23:O23) -> 4 | G23: 4
B24: Primera Sesión de Trabajo | C24: 4 | D24: =SUM(E24:O24) -> 4 | H24: 1 | I24: 3
B25: Segunda Sesión - Conformación Secretaria Técnica | C25: 4 | D25: =SUM(E25:O25) -> 0
B26: Tercera Sesión | C26: 4 | D26: =SUM(E26:O26) -> 0
B27: Elaboracióin del Texto de la Política Local | C27: 1 | D27: =SUM(E27:O27) -> 0
B28: Revisión Técnica DPPP | C28: 1 | D28: =SUM(E28:O28) -> 0
B29: Revisión Area Legal Gobierno Local | C29: 1 | D29: =SUM(E29:O29) -> 0
B30: Incorporación de Observaciones | C30: 1 | D30: =SUM(E30:O30) -> 0
B31: Aval del Director Regional | C31: 1 | D31: =SUM(E31:O31) -> 0
B32: Presentación al Consejo Municipal | C32: 1 | D32: =SUM(E32:O32) -> 0
B33: Presentación ante la Comunidad por parte del Director Regional y Alcalde | C33: 1 | D33: =SUM(E33:O33) -> 0
C34: =SUM(C3:C33) -> 519 | D34: =SUM(D3:D33) -> 203
D35: =D34/C34 -> 0.3911368

Sheet D50 Barva
A1: PROGRAMA | B1: D50 BARVA | C1: META | D1: AVANCE | E1: ENERO | F1: FEBRERO | G1: MARZO | H1: ABRIL | I1: MAYO | J1: JUNIO | K1: JULIO | L1: AGOSTO | M1: SEPTIEMBRE | N1: OCTUBRE | O1: NOVIEMBRE | P1: DICIEMBRE
C2: 2026 | D2: Porcentual
A3: PSCC | B3: Cuatro actividades de recuperación de espacios públicos, con las comunidades integradas al Programa de Seguridad Comunitaria, que se localicen, en los distritos que contemplan las área georreferenciadas del informe territorial de la Estrategia Sembremos Seguridad 2024, dos por año, una por semestre. | C3: 2 | D3: =SUM(E3:P3) -> 0
A4: GREAT/MPAS/DARE | B4: Realizar 4 procesos formativos (Cursos de la oferta de los programas DARE - GREAT - MPAS) en Centros Educativos, 2 por año, dentro de los distritos que contemplan las áreas georreferenciadas del informe territorial de la Estrategia Sembremos Seguridad 2024. Un curso diferente por semestre, un nivel completo. En caso de no contar con instructor acreditado DARE, se puede cumplir la meta con las charlas de Habilidades para la vida DARE, con el aval del Coordinador Nacional. | C4: 2 | D4: =SUM(E4:P4) -> 1 | E4: 0 | F4: 0 | G4: 0 | H4: 1
A5: DARE | B5: Cubrir 4 procesos formativos en Centros Educativos (dos por año) ubicados dentro de los distritos que contemplan las áreas georreferenciadas del informe territorial de la Estrategia Sembremos Seguridad 2024, con los cursos del Programa DARE: , Curso primaria. Curso Secundaria; un nivel completo por centro educativo, por semestre. En caso de no contar con instructor acreditado, se puede cumplir la meta con las charlas de Habilidades para la vida DARE, con el aval del Coordinador Nacional. | C5: 2 | D5: =SUM(E5:P5) -> 2 | E5: 0 | F5: 0 | G5: 0 | H5: 2
A6: PSCC | B6: Cuatro comercios capacitados e integrados al Programa de Seguridad Comercial que se localicen, en los distritos que contemplan las área georreferenciadas del informe territorial de la Estrategia Sembremos Seguridad 2024, dos por año, una por semestre. | C6: 2 | D6: =SUM(E6:P6) -> 0
A7: PSCC | B7: Cuatro estrategias de divulgación (Por medio de brochures, post o imágenes en redes sociales) diseñadas por la Estrategia de divulgación de la Dirección de Programas Policiales Preventivos, en el tema de "Prevención del Consumo de alcohol en vía pública" dirigidas a las comunidades integradas al Programa de Seguridad Comunitaria y a los comercios integrados al Programa de Seguridad Comercial que se localicen, en los distritos que contemplan las área georreferenciadas del informe territorial de la Estrategia Sembremos Seguridad 2024, dos por año. | C7: 2 | D7: =SUM(E7:P7) -> 0
A8: PLAN DE POLITICA LOCAL E IMPLEMENTACIÓN DE LA POLITICA LOCAL DE SEGURIDAD | B8: Conformación Comité | C8: 3 | D8: =SUM(E8:O8) -> 0
B9: Conformación de Comercio | C9: 2 | D9: =SUM(E9:O9) -> 0
B10: Reuniones-Jefaturas | C10: 76 | D10: =SUM(E10:O10) -> 33 | E10: 3 | F10: 11 | G10: 6 | H10: 8 | I10: 5
B11: Campañas de divulgación | C11: 76 | D11: =SUM(E11:O11) -> 30 | G11: 20 | H11: 10
B12: Capacitaciones | C12: 1 | D12: =SUM(E12:O12) -> 0
B13: Charlas | C13: 7 | D13: =SUM(E13:O13) -> 0
B14: Talleres | C14: 0 | D14: =SUM(E14:O14) -> 0
B15: Sensibilización | C15: 0 | D15: =SUM(E15:O15) -> 0
B16: Actividades deportivas | C16: 0 | D16: =SUM(E16:O16) -> 0
B17: Cine en mi Barrio | C17: 0 | D17: =SUM(E17:O17) -> 0
B18: Cívico-policial | C18: 0 | D18: =SUM(E18:O18) -> 0
B19: Actividades culturales | C19: 0 | D19: =SUM(E19:O19) -> 0
B20: Ferias | C20: 0 | D20: =SUM(E20:O20) -> 0
B21: Stand informativo | C21: 0 | D21: =SUM(E21:O21) -> 0
B22: Visitas | C22: 53 | D22: =SUM(E22:O22) -> 26 | E22: 13 | H22: 13
B23: Recuperación del espacio público | C23: 0 | D23: =SUM(E23:O23) -> 0
B24: Convocatoria de Mesas Locales | C24: 7 | D24: =SUM(E24:O24) -> 4 | G24: 4
B25: Exposición Informe Territorial ESS | C25: 7 | D25: =SUM(E25:O25) -> 0
B26: Primera Sesión de Trabajo | C26: 7 | D26: =SUM(E26:O26) -> 3 | H26: 1 | I26: 2
B27: Segunda Sesión - Conformación Secretaria Técnica | C27: 7 | D27: =SUM(E27:O27) -> 3 | H27: 3
B28: Tercera Sesión | C28: 7 | D28: =SUM(E28:O28) -> 0
B29: Elaboracióin del Texto de la Política Local | C29: 1 | D29: =SUM(E29:O29) -> 0
B30: Revisión Técnica DPPP | C30: 1 | D30: =SUM(E30:O30) -> 0
B31: Revisión Area Legal Gobierno Local | C31: 1 | D31: =SUM(E31:O31) -> 0
B32: Incorporación de Observaciones | C32: 1 | D32: =SUM(E32:O32) -> 0
B33: Aval del Director Regional | C33: 1 | D33: =SUM(E33:O33) -> 0
B34: Presentación al Consejo Municipal | C34: 1 | D34: =SUM(E34:O34) -> 0
B35: Presentación ante la Comunidad por parte del Director Regional y Alcalde | C35: 1 | D35: =SUM(E35:O35) -> 0
C36: =SUM(C3:C35) -> 270 | D36: =SUM(D3:D35) -> 102
D37: =D36/C36 -> 0.37777778

Sheet D51 Santo Domingo
A1: PROGRAMA | B1: D51 SANTO DOMINGO | C1: META | D1: AVANCE | E1: ENERO | F1: FEBRERO | G1: MARZO | H1: ABRIL | I1: MAYO | J1: JUNIO | K1: JULIO | L1: AGOSTO | M1: SEPTIEMBRE | N1: OCTUBRE | O1: NOVIEMBRE | P1: DICIEMBRE
C2: 2026 | D2: Porcentual
A3: PSCC | B3: Cuatro actividades de recuperación de espacios públicos, con las comunidades integradas al Programa de Seguridad Comunitaria, que se localicen, en los distritos que contemplan las área georreferenciadas del informe territorial de la Estrategia Sembremos Seguridad 2024, dos por año, una por semestre. | C3: 2 | D3: =SUM(E3:P3) -> 1 | F3: 1
A4: GREAT/MPAS/DARE | B4: Realizar 4 procesos formativos (Cursos de la oferta de los programas DARE - GREAT - MPAS) en Centros Educativos, 2 por año, dentro de los distritos que contemplan las áreas georreferenciadas del informe territorial de la Estrategia Sembremos Seguridad 2024. Un curso diferente por semestre, un nivel completo. En caso de no contar con instructor acreditado DARE, se puede cumplir la meta con las charlas de Habilidades para la vida DARE, con el aval del Coordinador Nacional. | C4: 2 | D4: =SUM(E4:P4) -> 1 | E4: 0 | F4: 0 | G4: 0 | H4: 1
A5: PSCC | B5: Cubrir 4 procesos formativos en Centros Educativos (dos por año) ubicados dentro de los distritos que contemplan las áreas georreferenciadas del informe territorial de la Estrategia Sembremos Seguridad 2024, con los cursos del Programa DARE: , Curso primaria. Curso Secundaria; un nivel completo por centro educativo, por semestre. En caso de no contar con instructor acreditado, se puede cumplir la meta con las charlas de Habilidades para la vida DARE, con el aval del Coordinador Nacional. | C5: 1 | D5: =SUM(E5:P5) -> 0
A6: PLAN DE POLITICA LOCAL E IMPLEMENTACIÓN DE LA POLITICA LOCAL DE SEGURIDAD | B6: Conformación Comité | C6: 3 | D6: =SUM(E6:O6) -> 6 | F6: 3 | H6: 3
B7: Conformación de Comercio | C7: 3 | D7: =SUM(E7:O7) -> 0
B8: Reuniones-Jefaturas | C8: 64 | D8: =SUM(E8:O8) -> 15 | G8: 12 | I8: 3
B9: Campañas de divulgación | C9: 25 | D9: =SUM(E9:O9) -> 9 | G9: 7 | H9: 2
B10: Capacitaciones | C10: 1 | D10: =SUM(E10:O10) -> 1 | F10: 1
B11: Charlas | C11: 6 | D11: =SUM(E11:O11) -> 3 | I11: 3
B12: Talleres | C12: 0 | D12: =SUM(E12:O12) -> 0
B13: Sensibilización | C13: 6 | D13: =SUM(E13:O13) -> 3 | F13: 1 | G13: 1 | I13: 1
B14: Actividades deportivas | C14: 1 | D14: =SUM(E14:O14) -> 0
B15: Cine en mi Barrio | C15: 3 | D15: =SUM(E15:O15) -> 2 | H15: 2
B16: Cívico-policial | C16: 5 | D16: =SUM(E16:O16) -> 0
B17: Actividades culturales | C17: 0 | D17: =SUM(E17:O17) -> 0
B18: Ferias | C18: 1 | D18: =SUM(E18:O18) -> 1 | F18: 1
B19: Stand informativo | C19: 0 | D19: =SUM(E19:O19) -> 0
B20: Visitas | C20: 164 | D20: =SUM(E20:O20) -> 51 | F20: 2 | G20: 41 | H20: 1 | I20: 6 | J20: 1
B21: Recuperación del espacio público | C21: 2 | D21: =SUM(E21:O21) -> 1 | F21: 1
B22: Convocatoria de Mesas Locales | C22: 7 | D22: =SUM(E22:O22) -> 7 | F22: 2 | G22: 3 | H22: 2
B23: Exposición Informe Territorial ESS | C23: 7 | D23: =SUM(E23:O23) -> 5 | G23: 1 | H23: 4
B24: Primera Sesión de Trabajo | C24: 7 | D24: =SUM(E24:O24) -> 0
B25: Segunda Sesión - Conformación Secretaria Técnica | C25: 7 | D25: =SUM(E25:O25) -> 0
B26: Tercera Sesión | C26: 7 | D26: =SUM(E26:O26) -> 0
B27: Elaboracióin del Texto de la Política Local | C27: 1 | D27: =SUM(E27:O27) -> 0
B28: Revisión Técnica DPPP | C28: 1 | D28: =SUM(E28:O28) -> 0
B29: Revisión Area Legal Gobierno Local | C29: 1 | D29: =SUM(E29:O29) -> 0
B30: Incorporación de Observaciones | C30: 1 | D30: =SUM(E30:O30) -> 0
B31: Aval del Director Regional | C31: 1 | D31: =SUM(E31:O31) -> 0
B32: Presentación al Consejo Municipal | C32: 1 | D32: =SUM(E32:O32) -> 0
B33: Presentación ante la Comunidad por parte del Director Regional y Alcalde | C33: 1 | D33: =SUM(E33:O33) -> 0
C34: =SUM(C3:C33) -> 331 | D34: =SUM(D3:D33) -> 106
D35: =D34/C34 -> 0.32024169

Sheet D52 Santa Bárbara
A1: PROGRAMA | B1: D52 SANTA BARBARA | C1: META | D1: AVANCE | E1: ENERO | F1: FEBRERO | G1: MARZO | H1: ABRIL | I1: MAYO | J1: JUNIO | K1: JULIO | L1: AGOSTO | M1: SEPTIEMBRE | N1: OCTUBRE | O1: NOVIEMBRE | P1: DICIEMBRE
C2: 2026 | D2: Porcentual
A3: PSCC | B3: Cuatro actividades de recuperación de espacios públicos, con las comunidades integradas al Programa de Seguridad Comunitaria, que se localicen, en los distritos que contemplan las área georreferenciadas del informe territorial de la Estrategia Sembremos Seguridad 2024, dos por año, una por semestre. | C3: 2 | D3: =SUM(E3:P3) -> 1 | G3: 1
A4: GREAT/MPAS/DARE | B4: Realizar 4 procesos formativos (Cursos de la oferta de los programas DARE - GREAT - MPAS) en Centros Educativos, 2 por año, dentro de los distritos que contemplan las áreas georreferenciadas del informe territorial de la Estrategia Sembremos Seguridad 2024. Un curso diferente por semestre, un nivel completo. En caso de no contar con instructor acreditado DARE, se puede cumplir la meta con las charlas de Habilidades para la vida DARE, con el aval del Coordinador Nacional. | C4: 2 | D4: =SUM(E4:P4) -> 0 | E4: 0 | F4: 0 | G4: 0 | H4: 0
A5: DARE | B5: Cubrir 4 procesos formativos en Centros Educativos (dos por año) ubicados dentro de los distritos que contemplan las áreas georreferenciadas del informe territorial de la Estrategia Sembremos Seguridad 2024, con los cursos del Programa DARE: , Curso primaria. Curso Secundaria; un nivel completo por centro educativo, por semestre. En caso de no contar con instructor acreditado, se puede cumplir la meta con las charlas de Habilidades para la vida DARE, con el aval del Coordinador Nacional. | C5: 2 | D5: =SUM(E5:P5) -> 0 | E5: 0 | F5: 0 | G5: 0 | H5: 0
A6: PLAN DE POLITICA LOCAL E IMPLEMENTACIÓN DE LA POLITICA LOCAL DE SEGURIDAD | B6: Conformación Comité | C6: 2 | D6: =SUM(E6:O6) -> 0
B7: Conformación de Comercio | C7: 3 | D7: =SUM(E7:O7) -> 0
B8: Reuniones-Jefaturas | C8: 76 | D8: =SUM(E8:O8) -> 37 | F8: 8 | G8: 14 | H8: 5 | I8: 6 | J8: 4
B9: Campañas de divulgación | C9: 53 | D9: =SUM(E9:O9) -> 14 | G9: 7 | H9: 6 | J9: 1
B10: Capacitaciones | C10: 0 | D10: =SUM(E10:O10) -> 0
B11: Charlas | C11: 5 | D11: =SUM(E11:O11) -> 4 | G11: 1 | I11: 3
B12: Talleres | C12: 4 | D12: =SUM(E12:O12) -> 0
B13: Sensibilización | C13: 8 | D13: =SUM(E13:O13) -> 3 | F13: 2 | I13: 1
B14: Actividades deportivas | C14: 4 | D14: =SUM(E14:O14) -> 1 | I14: 1
B15: Cine en mi Barrio | C15: 2 | D15: =SUM(E15:O15) -> 0
B16: Cívico-policial | C16: 0 | D16: =SUM(E16:O16) -> 0
B17: Actividades culturales | C17: 1 | D17: =SUM(E17:O17) -> 0
B18: Ferias | C18: 0 | D18: =SUM(E18:O18) -> 0
B19: Stand informativo | C19: 2 | D19: =SUM(E19:O19) -> 0
B20: Visitas | C20: 85 | D20: =SUM(E20:O20) -> 18 | F20: 6 | G20: 7 | H20: 3 | I20: 2
B21: Recuperación del espacio público | C21: 0 | D21: =SUM(E21:O21) -> 0
B22: Convocatoria de Mesas Locales | C22: 6 | D22: =SUM(E22:O22) -> 5 | F22: 1 | G22: 4
B23: Exposición Informe Territorial ESS | C23: 6 | D23: =SUM(E23:O23) -> 4 | H23: 4
B24: Primera Sesión de Trabajo | C24: 6 | D24: =SUM(E24:O24) -> 6 | I24: 6
B25: Segunda Sesión - Conformación Secretaria Técnica | C25: 6 | D25: =SUM(E25:O25) -> 0
B26: Tercera Sesión | C26: 6 | D26: =SUM(E26:O26) -> 0
B27: Elaboracióin del Texto de la Política Local | C27: 1 | D27: =SUM(E27:O27) -> 0
B28: Revisión Técnica DPPP | C28: 1 | D28: =SUM(E28:O28) -> 0
B29: Revisión Area Legal Gobierno Local | C29: 1 | D29: =SUM(E29:O29) -> 0
B30: Incorporación de Observaciones | C30: 1 | D30: =SUM(E30:O30) -> 0
B31: Aval del Director Regional | C31: 1 | D31: =SUM(E31:O31) -> 0
B32: Presentación al Consejo Municipal | C32: 1 | D32: =SUM(E32:O32) -> 0
B33: Presentación ante la Comunidad por parte del Director Regional y Alcalde | C33: 1 | D33: =SUM(E33:O33) -> 0
C34: =SUM(C3:C33) -> 288 | D34: =SUM(D3:D33) -> 93
D35: =D34/C34 -> 0.32291667

Sheet D53 San Rafael
A1: PROGRAMA | B1: D53 SAN RAFAEL | C1: META | D1: AVANCE | E1: ENERO | F1: FEBRERO | G1: MARZO | H1: ABRIL | I1: MAYO | J1: JUNIO | K1: JULIO | L1: AGOSTO | M1: SEPTIEMBRE | N1: OCTUBRE | O1: NOVIEMBRE | P1: DICIEMBRE
C2: 2026 | D2: Porcentual
A3: PSCC | B3: Cuatro actividades de recuperación de espacios públicos, con las comunidades integradas al Programa de Seguridad Comunitaria, que se localicen, en los distritos que contemplan las área georreferenciadas del informe territorial de la Estrategia Sembremos Seguridad 2024, dos por año, una por semestre. | C3: 2 | D3: =SUM(E3:P3) -> 1 | J3: 1
A4: GREAT/MPAS/DARE | B4: Realizar 4 procesos formativos (Cursos de la oferta de los programas DARE - GREAT - MPAS) en Centros Educativos, 2 por año, dentro de los distritos que contemplan las áreas georreferenciadas del informe territorial de la Estrategia Sembremos Seguridad 2024. Un curso diferente por semestre, un nivel completo. En caso de no contar con instructor acreditado DARE, se puede cumplir la meta con las charlas de Habilidades para la vida DARE, con el aval del Coordinador Nacional. | C4: 2 | D4: =SUM(E4:P4) -> 1 | E4: 0 | F4: 0 | G4: 0 | H4: 1
A5: DARE | B5: Cubrir 4 procesos formativos en Centros Educativos (dos por año) ubicados dentro de los distritos que contemplan las áreas georreferenciadas del informe territorial de la Estrategia Sembremos Seguridad 2024, con los cursos del Programa DARE: , Curso primaria. Curso Secundaria; un nivel completo por centro educativo, por semestre. En caso de no contar con instructor acreditado, se puede cumplir la meta con las charlas de Habilidades para la vida DARE, con el aval del Coordinador Nacional. | C5: 2 | D5: =SUM(E5:P5) -> 0 | E5: 0 | F5: 0 | G5: 0 | H5: 0
A6: PSCC | B6: Cuatro comercios capacitados e integrados al Programa de Seguridad Comercial que se localicen, en los distritos que contemplan las área georreferenciadas del informe territorial de la Estrategia Sembremos Seguridad 2024, dos por año, una por semestre. | C6: 2 | D6: =SUM(E6:P6) -> 0
A7: PSCC | B7: Cuatro estrategias de divulgación (Por medio de brochures, post o imágenes en redes sociales) diseñadas por la Estrategia de divulgación de la Dirección de Programas Policiales Preventivos, en el tema de "Prevención del Consumo de alcohol en vía pública" dirigidas a las comunidades integradas al Programa de Seguridad Comunitaria y a los comercios integrados al Programa de Seguridad Comercial que se localicen, en los distritos que contemplan las área georreferenciadas del informe territorial de la Estrategia Sembremos Seguridad 2024, dos por año. | C7: 2 | D7: =SUM(E7:P7) -> 1 | J7: 1
A8: PLAN DE POLITICA LOCAL E IMPLEMENTACIÓN DE LA POLITICA LOCAL DE SEGURIDAD | B8: Conformación Comité | C8: 3 | D8: =SUM(E8:O8) -> 0
B9: Conformación de Comercio | C9: 2 | D9: =SUM(E9:O9) -> 0
B10: Reuniones-Jefaturas | C10: 41 | D10: =SUM(E10:O10) -> 12 | G10: 6 | J10: 6
B11: Campañas de divulgación | C11: 16 | D11: =SUM(E11:O11) -> 7 | G11: 5 | J11: 2
B12: Capacitaciones | C12: 1 | D12: =SUM(E12:O12) -> 0
B13: Charlas | C13: 9 | D13: =SUM(E13:O13) -> 2 | G13: 1 | I13: 1
B14: Talleres | C14: 1 | D14: =SUM(E14:O14) -> 0
B15: Sensibilización | C15: 6 | D15: =SUM(E15:O15) -> 3 | G15: 1 | I15: 1 | J15: 1
B16: Actividades deportivas | C16: 0 | D16: =SUM(E16:O16) -> 0
B17: Cine en mi Barrio | C17: 0 | D17: =SUM(E17:O17) -> 0
B18: Cívico-policial | C18: 1 | D18: =SUM(E18:O18) -> 1 | G18: 1
B19: Actividades culturales | C19: 0 | D19: =SUM(E19:O19) -> 0
B20: Ferias | C20: 0 | D20: =SUM(E20:O20) -> 0
B21: Stand informativo | C21: 0 | D21: =SUM(E21:O21) -> 0
B22: Visitas | C22: 65 | D22: =SUM(E22:O22) -> 34 | F22: 15 | G22: 1 | I22: 16 | J22: 2
B23: Recuperación del espacio público | C23: 4 | D23: =SUM(E23:O23) -> 1 | G23: 1
B24: Convocatoria de Mesas Locales | C24: 5 | D24: =SUM(E24:O24) -> 5 | H24: 5
B25: Exposición Informe Territorial ESS | C25: 5 | D25: =SUM(E25:O25) -> 5 | H25: 5
B26: Primera Sesión de Trabajo | C26: 5 | D26: =SUM(E26:O26) -> 5 | H26: 5
B27: Segunda Sesión - Conformación Secretaria Técnica | C27: 5 | D27: =SUM(E27:O27) -> 1 | J27: 1
B28: Tercera Sesión | C28: 5 | D28: =SUM(E28:O28) -> 0
B29: Elaboracióin del Texto de la Política Local | C29: 1 | D29: =SUM(E29:O29) -> 0
B30: Revisión Técnica DPPP | C30: 1 | D30: =SUM(E30:O30) -> 0
B31: Revisión Area Legal Gobierno Local | C31: 1 | D31: =SUM(E31:O31) -> 0
B32: Incorporación de Observaciones | C32: 1 | D32: =SUM(E32:O32) -> 0
B33: Aval del Director Regional | C33: 1 | D33: =SUM(E33:O33) -> 0
B34: Presentación al Consejo Municipal | C34: 1 | D34: =SUM(E34:O34) -> 0
B35: Presentación ante la Comunidad por parte del Director Regional y Alcalde | C35: 1 | D35: =SUM(E35:O35) -> 0
C36: =SUM(C3:C35) -> 191 | D36: =SUM(D3:D35) -> 79
D37: =D36/C36 -> 0.41361257

Sheet D54 San Isidro
A1: PROGRAMA | B1: D54 SAN ISIDRO | C1: META | D1: AVANCE | E1: ENERO | F1: FEBRERO | G1: MARZO | H1: ABRIL | I1: MAYO | J1: JUNIO | K1: JULIO | L1: AGOSTO | M1: SEPTIEMBRE | N1: OCTUBRE | O1: NOVIEMBRE | P1: DICIEMBRE
C2: 2026 | D2: Porcentual
A3: PSCC | B3: Cuatro actividades de recuperación de espacios públicos, con las comunidades integradas al Programa de Seguridad Comunitaria, que se localicen, en los distritos que contemplan las área georreferenciadas del informe territorial de la Estrategia Sembremos Seguridad 2024, dos por año, una por semestre. | C3: 2 | D3: =SUM(E3:P3) -> 1 | I3: 1
A4: GREAT/MPAS/DARE | B4: Realizar 4 procesos formativos (Cursos de la oferta de los programas DARE - GREAT - MPAS) en Centros Educativos, 2 por año, dentro de los distritos que contemplan las áreas georreferenciadas del informe territorial de la Estrategia Sembremos Seguridad 2024. Un curso diferente por semestre, un nivel completo. En caso de no contar con instructor acreditado DARE, se puede cumplir la meta con las charlas de Habilidades para la vida DARE, con el aval del Coordinador Nacional. | C4: 2 | D4: =SUM(E4:P4) -> 1 | E4: 0 | F4: 0 | G4: 0 | H4: 0 | I4: 1
A5: DARE | B5: Cubrir 4 procesos formativos en Centros Educativos (dos por año) ubicados dentro de los distritos que contemplan las áreas georreferenciadas del informe territorial de la Estrategia Sembremos Seguridad 2024, con los cursos del Programa DARE: , Curso primaria. Curso Secundaria; un nivel completo por centro educativo, por semestre. En caso de no contar con instructor acreditado, se puede cumplir la meta con las charlas de Habilidades para la vida DARE, con el aval del Coordinador Nacional. | C5: 2 | D5: =SUM(E5:P5) -> 0 | E5: 0 | F5: 0 | G5: 0 | H5: 0
A6: PSCC | B6: Cuatro comercios capacitados e integrados al Programa de Seguridad Comercial que se localicen, en los distritos que contemplan las área georreferenciadas del informe territorial de la Estrategia Sembremos Seguridad 2024, dos por año, una por semestre. | C6: 2 | D6: =SUM(E6:P6) -> 1 | J6: 1
A7: PSCC | B7: Cuatro estrategias de divulgación (Por medio de brochures, post o imágenes en redes sociales) diseñadas por la Estrategia de divulgación de la Dirección de Programas Policiales Preventivos, en el tema de "Prevención del Consumo de alcohol en vía pública" dirigidas a las comunidades integradas al Programa de Seguridad Comunitaria y a los comercios integrados al Programa de Seguridad Comercial que se localicen, en los distritos que contemplan las área georreferenciadas del informe territorial de la Estrategia Sembremos Seguridad 2024, dos por año. | C7: 2 | D7: =SUM(E7:P7) -> 0
A8: PLAN DE POLITICA LOCAL E IMPLEMENTACIÓN DE LA POLITICA LOCAL DE SEGURIDAD | B8: Conformación Comité | C8: 1 | D8: =SUM(E8:O8) -> 2 | E8: 1 | I8: 1
B9: Conformación de Comercio | C9: 2 | D9: =SUM(E9:O9) -> 0
B10: Reuniones-Jefaturas | C10: 92 | D10: =SUM(E10:O10) -> 39 | E10: 3 | F10: 9 | G10: 11 | H10: 5 | I10: 11
B11: Campañas de divulgación | C11: 80 | D11: =SUM(E11:O11) -> 40 | G11: 40
B12: Capacitaciones | C12: 0 | D12: =SUM(E12:O12) -> 0
B13: Charlas | C13: 0 | D13: =SUM(E13:O13) -> 0
B14: Talleres | C14: 0 | D14: =SUM(E14:O14) -> 0
B15: Sensibilización | C15: 0 | D15: =SUM(E15:O15) -> 0
B16: Actividades deportivas | C16: 0 | D16: =SUM(E16:O16) -> 0
B17: Cine en mi Barrio | C17: 0 | D17: =SUM(E17:O17) -> 0
B18: Cívico-policial | C18: 0 | D18: =SUM(E18:O18) -> 0
B19: Actividades culturales | C19: 0 | D19: =SUM(E19:O19) -> 0
B20: Ferias | C20: 0 | D20: =SUM(E20:O20) -> 0
B21: Stand informativo | C21: 0 | D21: =SUM(E21:O21) -> 0
B22: Visitas | C22: 80 | D22: =SUM(E22:O22) -> 0
B23: Recuperación del espacio público | C23: 0 | D23: =SUM(E23:O23) -> 0
B24: Convocatoria de Mesas Locales | C24: 4 | D24: =SUM(E24:O24) -> 0
B25: Exposición Informe Territorial ESS | C25: 4 | D25: =SUM(E25:O25) -> 4 | H25: 4
B26: Primera Sesión de Trabajo | C26: 4 | D26: =SUM(E26:O26) -> 4 | I26: 4
B27: Segunda Sesión - Conformación Secretaria Técnica | C27: 4 | D27: =SUM(E27:O27) -> 2 | J27: 2
B28: Tercera Sesión | C28: 4 | D28: =SUM(E28:O28) -> 0
B29: Elaboracióin del Texto de la Política Local | C29: 1 | D29: =SUM(E29:O29) -> 0
B30: Revisión Técnica DPPP | C30: 1 | D30: =SUM(E30:O30) -> 0
B31: Revisión Area Legal Gobierno Local | C31: 1 | D31: =SUM(E31:O31) -> 0
B32: Incorporación de Observaciones | C32: 1 | D32: =SUM(E32:O32) -> 0
B33: Aval del Director Regional | C33: 1 | D33: =SUM(E33:O33) -> 0
B34: Presentación al Consejo Municipal | C34: 1 | D34: =SUM(E34:O34) -> 0
B35: Presentación ante la Comunidad por parte del Director Regional y Alcalde | C35: 1 | D35: =SUM(E35:O35) -> 0
C36: =SUM(C3:C35) -> 292 | D36: =SUM(D3:D35) -> 94
D37: =D36/C36 -> 0.32191781

Sheet D55 Belen
A1: PROGRAMA | B1: D26 ALAJUELA SUR | C1: META | D1: AVANCE | E1: ENERO | F1: FEBRERO | G1: MARZO | H1: ABRIL | I1: MAYO | J1: JUNIO | K1: JULIO | L1: AGOSTO | M1: SEPTIEMBRE | N1: OCTUBRE | O1: NOVIEMBRE | P1: DICIEMBRE
C2: 2026 | D2: Porcentual
A3: PSCC | B3: Cuatro actividades de recuperación de espacios públicos, con las comunidades integradas al Programa de Seguridad Comunitaria, que se localicen, en los distritos que contemplan las área georreferenciadas del informe territorial de la Estrategia Sembremos Seguridad 2024, dos por año, una por semestre. | C3: 2 | D3: =SUM(E3:P3) -> 1 | H3: 1
A4: GREAT/MPAS/DARE | B4: Realizar 4 procesos formativos (Cursos de la oferta de los programas DARE - GREAT - MPAS) en Centros Educativos, 2 por año, dentro de los distritos que contemplan las áreas georreferenciadas del informe territorial de la Estrategia Sembremos Seguridad 2024. Un curso diferente por semestre, un nivel completo. En caso de no contar con instructor acreditado DARE, se puede cumplir la meta con las charlas de Habilidades para la vida DARE, con el aval del Coordinador Nacional. | C4: 2 | D4: =SUM(E4:P4) -> 0 | E4: 0 | F4: 0 | G4: 0 | H4: 0
A5: DARE | B5: Cubrir 4 procesos formativos en Centros Educativos (dos por año) ubicados dentro de los distritos que contemplan las áreas georreferenciadas del informe territorial de la Estrategia Sembremos Seguridad 2024, con los cursos del Programa DARE: , Curso primaria. Curso Secundaria; un nivel completo por centro educativo, por semestre. En caso de no contar con instructor acreditado, se puede cumplir la meta con las charlas de Habilidades para la vida DARE, con el aval del Coordinador Nacional. | C5: 2 | D5: =SUM(E5:P5) -> 0 | E5: 0 | F5: 0 | G5: 0 | H5: 0
A6: PLAN DE POLITICA LOCAL E IMPLEMENTACIÓN DE LA POLITICA LOCAL DE SEGURIDAD | B6: Conformación Comité | C6: 1 | D6: =SUM(E6:O6) -> 1 | F6: 1
B7: Conformación de Comercio | C7: 3 | D7: =SUM(E7:O7) -> 0
B8: Reuniones-Jefaturas | C8: 44 | D8: =SUM(E8:O8) -> 18 | E8: 4 | F8: 4 | G8: 2 | H8: 4 | I8: 4
B9: Campañas de divulgación | C9: 17 | D9: =SUM(E9:O9) -> 11 | G9: 5 | H9: 6
B10: Capacitaciones | C10: 0 | D10: =SUM(E10:O10) -> 0
B11: Charlas | C11: 12 | D11: =SUM(E11:O11) -> 2 | F11: 1 | G11: 1
B12: Talleres | C12: 0 | D12: =SUM(E12:O12) -> 0
B13: Sensibilización | C13: 0 | D13: =SUM(E13:O13) -> 0
B14: Actividades deportivas | C14: 0 | D14: =SUM(E14:O14) -> 0
B15: Cine en mi Barrio | C15: 0 | D15: =SUM(E15:O15) -> 0
B16: Cívico-policial | C16: 0 | D16: =SUM(E16:O16) -> 0
B17: Actividades culturales | C17: 0 | D17: =SUM(E17:O17) -> 0
B18: Ferias | C18: 0 | D18: =SUM(E18:O18) -> 0
B19: Stand informativo | C19: 0 | D19: =SUM(E19:O19) -> 0
B20: Visitas | C20: 56 | D20: =SUM(E20:O20) -> 29 | F20: 8 | G20: 6 | H20: 1 | I20: 6 | J20: 8
B21: Recuperación del espacio público | C21: 3 | D21: =SUM(E21:O21) -> 0
B22: Convocatoria de Mesas Locales | C22: 3 | D22: =SUM(E22:O22) -> 2 | G22: 2
B23: Exposición Informe Territorial ESS | C23: 3 | D23: =SUM(E23:O23) -> 3 | H23: 3
B24: Primera Sesión de Trabajo | C24: 3 | D24: =SUM(E24:O24) -> 3 | I24: 3
B25: Segunda Sesión - Conformación Secretaria Técnica | C25: 3 | D25: =SUM(E25:O25) -> 0
B26: Tercera Sesión | C26: 3 | D26: =SUM(E26:O26) -> 0
B27: Elaboracióin del Texto de la Política Local | C27: 1 | D27: =SUM(E27:O27) -> 0
B28: Revisión Técnica DPPP | C28: 1 | D28: =SUM(E28:O28) -> 0
B29: Revisión Area Legal Gobierno Local | C29: 1 | D29: =SUM(E29:O29) -> 0
B30: Incorporación de Observaciones | C30: 1 | D30: =SUM(E30:O30) -> 0
B31: Aval del Director Regional | C31: 1 | D31: =SUM(E31:O31) -> 0
B32: Presentación al Consejo Municipal | C32: 1 | D32: =SUM(E32:O32) -> 0
B33: Presentación ante la Comunidad por parte del Director Regional y Alcalde | C33: 1 | D33: =SUM(E33:O33) -> 0
C34: =SUM(C3:C33) -> 164 | D34: =SUM(D3:D33) -> 70
D35: =D34/C34 -> 0.42682927

Sheet D56 Flores
A1: PROGRAMA | B1: D56 FLORES | C1: META | D1: AVANCE | E1: ENERO | F1: FEBRERO | G1: MARZO | H1: ABRIL | I1: MAYO | J1: JUNIO | K1: JULIO | L1: AGOSTO | M1: SEPTIEMBRE | N1: OCTUBRE | O1: NOVIEMBRE | P1: DICIEMBRE
C2: 2026 | D2: Porcentual
A3: PSCC | B3: Cuatro actividades de recuperación de espacios públicos, con las comunidades integradas al Programa de Seguridad Comunitaria, que se localicen, en los distritos que contemplan las área georreferenciadas del informe territorial de la Estrategia Sembremos Seguridad 2024, dos por año, una por semestre. | C3: 2 | D3: =SUM(E3:P3) -> 2 | H3: 2
A4: GREAT/MPAS/DARE | B4: Realizar 4 procesos formativos (Cursos de la oferta de los programas DARE - GREAT - MPAS) en Centros Educativos, 2 por año, dentro de los distritos que contemplan las áreas georreferenciadas del informe territorial de la Estrategia Sembremos Seguridad 2024. Un curso diferente por semestre, un nivel completo. En caso de no contar con instructor acreditado DARE, se puede cumplir la meta con las charlas de Habilidades para la vida DARE, con el aval del Coordinador Nacional. | C4: 2 | D4: =SUM(E4:P4) -> 0 | E4: 0 | F4: 0 | G4: 0 | H4: 0
A5: PLAN DE POLITICA LOCAL E IMPLEMENTACIÓN DE LA POLITICA LOCAL DE SEGURIDAD | B5: Conformación Comité | C5: 3 | D5: =SUM(E5:O5) -> 0
B6: Conformación de Comercio | C6: 3 | D6: =SUM(E6:O6) -> 0
B7: Reuniones-Jefaturas | C7: 81 | D7: =SUM(E7:O7) -> 38 | E7: 3 | F7: 11 | G7: 7 | H7: 6 | I7: 8 | J7: 3
B8: Campañas de divulgación | C8: 41 | D8: =SUM(E8:O8) -> 20 | G8: 20
B9: Capacitaciones | C9: 1 | D9: =SUM(E9:O9) -> 0
B10: Charlas | C10: 7 | D10: =SUM(E10:O10) -> 0
B11: Talleres | C11: 0 | D11: =SUM(E11:O11) -> 0
B12: Sensibilización | C12: 0 | D12: =SUM(E12:O12) -> 0
B13: Actividades deportivas | C13: 0 | D13: =SUM(E13:O13) -> 0
B14: Cine en mi Barrio | C14: 0 | D14: =SUM(E14:O14) -> 0
B15: Cívico-policial | C15: 0 | D15: =SUM(E15:O15) -> 0
B16: Actividades culturales | C16: 0 | D16: =SUM(E16:O16) -> 0
B17: Ferias | C17: 0 | D17: =SUM(E17:O17) -> 0
B18: Stand informativo | C18: 0 | D18: =SUM(E18:O18) -> 0
B19: Visitas | C19: 107 | D19: =SUM(E19:O19) -> 53 | G19: 17 | H19: 36
B20: Recuperación del espacio público | C20: 2 | D20: =SUM(E20:O20) -> 0
B21: Convocatoria de Mesas Locales | C21: 3 | D21: =SUM(E21:O21) -> 3 | G21: 3
B22: Exposición Informe Territorial ESS | C22: 3 | D22: =SUM(E22:O22) -> 3 | H22: 3
B23: Primera Sesión de Trabajo | C23: 3 | D23: =SUM(E23:O23) -> 3 | I23: 3
B24: Segunda Sesión - Conformación Secretaria Técnica | C24: 3 | D24: =SUM(E24:O24) -> 3 | J24: 3
B25: Tercera Sesión | C25: 3 | D25: =SUM(E25:O25) -> 0
B26: Elaboracióin del Texto de la Política Local | C26: 1 | D26: =SUM(E26:O26) -> 0
B27: Revisión Técnica DPPP | C27: 1 | D27: =SUM(E27:O27) -> 0
B28: Revisión Area Legal Gobierno Local | C28: 1 | D28: =SUM(E28:O28) -> 0
B29: Incorporación de Observaciones | C29: 1 | D29: =SUM(E29:O29) -> 0
B30: Aval del Director Regional | C30: 1 | D30: =SUM(E30:O30) -> 0
B31: Presentación al Consejo Municipal | C31: 1 | D31: =SUM(E31:O31) -> 0
B32: Presentación ante la Comunidad por parte del Director Regional y Alcalde | C32: 1 | D32: =SUM(E32:O32) -> 0
C33: =SUM(C3:C32) -> 271 | D33: =SUM(D3:D32) -> 125
D34: =D33/C33 -> 0.46125461

Sheet D57 San Pablo
A1: PROGRAMA | B1: D57 SAN PABLO | C1: META | D1: AVANCE | E1: ENERO | F1: FEBRERO | G1: MARZO | H1: ABRIL | I1: MAYO | J1: JUNIO | K1: JULIO | L1: AGOSTO | M1: SEPTIEMBRE | N1: OCTUBRE | O1: NOVIEMBRE | P1: DICIEMBRE
C2: 2026 | D2: Porcentual
A3: PSCC | B3: Cuatro actividades de recuperación de espacios públicos, con las comunidades integradas al Programa de Seguridad Comunitaria, que se localicen, en los distritos que contemplan las área georreferenciadas del informe territorial de la Estrategia Sembremos Seguridad 2024, dos por año, una por semestre. | C3: 2 | D3: =SUM(E3:P3) -> 1 | E3: 1
A4: PSCC | B4: Dos estrategias de divulgación (Por medio de brochures, post o imágenes en redes sociales) en el tema del procedimiento para realizar una "Denuncia de ventas de drogas" dirigidas a las comunidades integradas al Programa de Seguridad Comunitaria que se localicen, en los distritos que contemplan las área georreferenciadas del informe territorial de la Estrategia Sembremos Seguridad 2024, una por año. | C4: 2 | D4: =SUM(E4:P4) -> 1 | F4: 1
A5: GREAT/MPAS/DARE | B5: Realizar 4 procesos formativos (Cursos de la oferta de los programas DARE - GREAT - MPAS) en Centros Educativos, 2 por año, dentro de los distritos que contemplan las áreas georreferenciadas del informe territorial de la Estrategia Sembremos Seguridad 2024. Un curso diferente por semestre, un nivel completo. En caso de no contar con instructor acreditado DARE, se puede cumplir la meta con las charlas de Habilidades para la vida DARE, con el aval del Coordinador Nacional. | C5: 2 | D5: =SUM(E5:P5) -> 2 | E5: 0 | F5: 0 | G5: 0 | H5: 1 | I5: 1
A6: DARE | B6: Cubrir 4 procesos formativos en Centros Educativos (dos por año) ubicados dentro de los distritos que contemplan las áreas georreferenciadas del informe territorial de la Estrategia Sembremos Seguridad 2024, con los cursos del Programa DARE: , Curso primaria. Curso Secundaria; un nivel completo por centro educativo, por semestre. En caso de no contar con instructor acreditado, se puede cumplir la meta con las charlas de Habilidades para la vida DARE, con el aval del Coordinador Nacional. | C6: 2 | D6: =SUM(E6:P6) -> 0 | E6: 0 | F6: 0 | G6: 0 | H6: 0
A7: PLAN DE POLITICA LOCAL E IMPLEMENTACIÓN DE LA POLITICA LOCAL DE SEGURIDAD | B7: Conformación Comité | C7: 3 | D7: =SUM(E7:O7) -> 0
B8: Conformación de Comercio | C8: 2 | D8: =SUM(E8:O8) -> 0
B9: Reuniones-Jefaturas | C9: 120 | D9: =SUM(E9:O9) -> 52 | E9: 8 | F9: 11 | G9: 7 | H9: 10 | I9: 9 | J9: 7
B10: Campañas de divulgación | C10: 68 | D10: =SUM(E10:O10) -> 55 | G10: 26 | H10: 29
B11: Capacitaciones | C11: 0 | D11: =SUM(E11:O11) -> 0
B12: Charlas | C12: 0 | D12: =SUM(E12:O12) -> 0
B13: Talleres | C13: 0 | D13: =SUM(E13:O13) -> 0
B14: Sensibilización | C14: 0 | D14: =SUM(E14:O14) -> 0
B15: Actividades deportivas | C15: 0 | D15: =SUM(E15:O15) -> 0
B16: Cine en mi Barrio | C16: 0 | D16: =SUM(E16:O16) -> 0
B17: Cívico-policial | C17: 0 | D17: =SUM(E17:O17) -> 0
B18: Actividades culturales | C18: 0 | D18: =SUM(E18:O18) -> 0
B19: Ferias | C19: 0 | D19: =SUM(E19:O19) -> 0
B20: Stand informativo | C20: 0 | D20: =SUM(E20:O20) -> 0
B21: Visitas | C21: 84 | D21: =SUM(E21:O21) -> 42 | E21: 6 | F21: 5 | G21: 5 | H21: 26
B22: Recuperación del espacio público | C22: 0 | D22: =SUM(E22:O22) -> 0
B23: Convocatoria de Mesas Locales | C23: 2 | D23: =SUM(E23:O23) -> 2 | H23: 2
B24: Exposición Informe Territorial ESS | C24: 2 | D24: =SUM(E24:O24) -> 2 | H24: 2
B25: Primera Sesión de Trabajo | C25: 2 | D25: =SUM(E25:O25) -> 2 | I25: 2
B26: Segunda Sesión - Conformación Secretaria Técnica | C26: 2 | D26: =SUM(E26:O26) -> 2 | J26: 2
B27: Tercera Sesión | C27: 2 | D27: =SUM(E27:O27) -> 0
B28: Elaboracióin del Texto de la Política Local | C28: 1 | D28: =SUM(E28:O28) -> 0
B29: Revisión Técnica DPPP | C29: 1 | D29: =SUM(E29:O29) -> 0
B30: Revisión Area Legal Gobierno Local | C30: 1 | D30: =SUM(E30:O30) -> 0
B31: Incorporación de Observaciones | C31: 1 | D31: =SUM(E31:O31) -> 0
B32: Aval del Director Regional | C32: 1 | D32: =SUM(E32:O32) -> 0
B33: Presentación al Consejo Municipal | C33: 1 | D33: =SUM(E33:O33) -> 0
B34: Presentación ante la Comunidad por parte del Director Regional y Alcalde | C34: 1 | D34: =SUM(E34:O34) -> 0
C35: =SUM(C3:C34) -> 302 | D35: =SUM(D3:D34) -> 161
D36: =D35/C35 -> 0.53311258

Sheet Total Región
A1: Delegación | C1: META | D1: AVANCE | E1: % AVANCE
A2: D49 | B2: HEREDIA | C2: ='D49 Heredia'!C34 -> 519 | D2: ='D49 Heredia'!D34 -> 203 | E2: =D2/C2 -> 0.3911368
A3: D50 | B3: BARVA | C3: ='D50 Barva'!C36 -> 270 | D3: ='D50 Barva'!D36 -> 102 | E3: =D3/C3 -> 0.37777778
A4: D51 | B4: SANTO DOMINGO | C4: ='D51 Santo Domingo'!C34 -> 331 | D4: ='D51 Santo Domingo'!D34 -> 106 | E4: =D4/C4 -> 0.32024169
A5: D52 | B5: SANTA BÁRBARA | C5: ='D52 Santa Bárbara'!C34 -> 288 | D5: ='D52 Santa Bárbara'!D34 -> 93 | E5: =D5/C5 -> 0.32291667
A6: D53 | B6: SAN RAFAEL | C6: ='D53 San Rafael'!C36 -> 191 | D6: ='D53 San Rafael'!D36 -> 79 | E6: =D6/C6 -> 0.41361257
A7: D54 | B7: SAN ISIDRO | C7: ='D54 San Isidro'!C36 -> 292 | D7: ='D54 San Isidro'!D36 -> 94 | E7: =D7/C7 -> 0.32191781
A8: D55 | B8: BELÉN | C8: ='D55 Belen'!C34 -> 164 | D8: ='D55 Belen'!D34 -> 70 | E8: =D8/C8 -> 0.42682927
A9: D56 | B9: FLORES | C9: ='D56 Flores'!C33 -> 271 | D9: ='D56 Flores'!D33 -> 125 | E9: =D9/C9 -> 0.46125461
A10: D57 | B10: SAN PABLO | C10: ='D57 San Pablo'!C35 -> 302 | D10: ='D57 San Pablo'!D35 -> 161 | E10: =D10/C10 -> 0.53311258
B11: TOTALES | C11: =SUM(C2:C10) -> 2628 | D11: =SUM(D2:D10) -> 1033 | E11: =D11/C11 -> 0.39307458
