Workbook
Name ABANG: [1]DAT2!#REF!
Name ABANG: [2]DAT2!#REF!
Name ABANG: [3]DAT2!#REF!
Name ABANG: [4]DAT2!#REF!
Name ACOS: [1]DAT2!#REF!
Name ACOS: [2]DAT2!#REF!
Name ACOS: [3]DAT2!#REF!
Name ACOS: [4]DAT2!#REF!
Name ALAJU: [1]DAT2!#REF!
Name ALAJU: [2]DAT2!#REF!
Name ALAJU: [3]DAT2!#REF!
Name ALAJU: [4]DAT2!#REF!
Name ALAJUE: [1]DAT2!#REF!
Name ALAJUE: [2]DAT2!#REF!
Name ALAJUE: [3]DAT2!#REF!
Name ALAJUE: [4]DAT2!#REF!
Name ALVA: [1]DAT2!#REF!
Name ALVA: [2]DAT2!#REF!
Name ALVA: [3]DAT2!#REF!
Name ALVA: [4]DAT2!#REF!
Name ASERR: [1]DAT2!#REF!
Name ASERR: [2]DAT2!#REF!
Name ASERR: [3]DAT2!#REF!
Name ASERR: [4]DAT2!#REF!
Name ATE: [1]DAT2!#REF!
Name ATE: [2]DAT2!#REF!
Name ATE: [3]DAT2!#REF!
Name ATE: [4]DAT2!#REF!
Name BAGAC: [1]DAT2!#REF!
Name BAGAC: [2]DAT2!#REF!
Name BAGAC: [3]DAT2!#REF!
Name BAGAC: [4]DAT2!#REF!
Name BARV: [1]DAT2!#REF!
Name BARV: [2]DAT2!#REF!
Name BARV: [3]DAT2!#REF!
Name BARV: [4]DAT2!#REF!
Name BEL: [1]DAT2!#REF!
Name BEL: [2]DAT2!#REF!
Name BEL: [3]DAT2!#REF!
Name BEL: [4]DAT2!#REF!
Name BUEN: [1]DAT2!#REF!
Name BUEN: [2]DAT2!#REF!
Name BUEN: [3]DAT2!#REF!
Name BUEN: [4]DAT2!#REF!
Name CANTÓNN: [4]!Tabla103[#All]
Name CAÑ: [1]DAT2!#REF!
Name CAÑ: [2]DAT2!#REF!
Name CAÑ: [3]DAT2!#REF!
Name CAÑ: [4]DAT2!#REF!
Name CARR: [1]DAT2!#REF!
Name CARR: [2]DAT2!#REF!
Name CARR: [3]DAT2!#REF!
Name CARR: [4]DAT2!#REF!
Name CARTAG: [1]DAT2!#REF!
Name CARTAG: [2]DAT2!#REF!
Name CARTAG: [3]DAT2!#REF!
Name CARTAG: [4]DAT2!#REF!
Name CORR: [1]DAT2!#REF!
Name CORR: [2]DAT2!#REF!
Name CORR: [3]DAT2!#REF!

Sheet D79 Perez Zeledón
A1: PROGRAMA | B1: D79 PÉREZ ZELEDÓN | C1: META | D1: AVANCE | E1: ENERO | F1: FEBRERO | G1: MARZO | H1: ABRIL | I1: MAYO | J1: JUNIO | K1: JULIO | L1: AGOSTO | M1: SEPTIEMBRE | N1: OCTUBRE | O1: NOVIEMBRE | P1: DICIEMBRE
C2: 2026 | D2: Porcentual
A3: PSCC | B3: Cuatro actividades de recuperación de espacios públicos, con las comunidades integradas al Programa de Seguridad Comunitaria, que se localicen, dentro del área georreferenciada del informe territorial de la Estrategia Sembremos Seguridad 2024, dos por año, una por semestre. | C3: 2 | D3: =SUM(E3:P3) -> 1 | G3: 1
A4: GREAT/MPAS/DARE | B4: Realizar 2 procesos formativos (Cursos de la oferta de los programas DARE - GREAT - MPAS) en Centros Educativos, Uno por año, dentro de los distritos que contemplan las áreas georreferenciadas del informe territorial de la Estrategia Sembremos Seguridad 2024. En caso de no contar con instructor acreditado DARE, se puede cumplir la meta con las charlas de Habilidades para la vida DARE, con el aval del Coordinador Nacional. | C4: 1 | D4: =SUM(E4:P4) -> 0 | E4: 0 | F4: 0 | G4: 0 | H4: 0
A5: DARE | B5: Cubrir 4 Centros Educativos (dos por año) dentro del área georreferenciada del informe territorial de la Estrategia Sembremos Seguridad 2024, con los cursos del Programa DARE: , Curso primaria. Curso Secundaria; un nivel completo por centro educativo, por semestre. En caso de no contar con instructor acreditado, se puede cumplir la meta con las charlas de Habilidades para la vida DARE, con el aval del Coordinador Nacional. | C5: 2 | D5: =SUM(E5:P5) -> 0 | E5: 0 | F5: 0 | G5: 0 | H5: 0
A6: PSCC | B6: Dos estrategias de divulgación (Por medio de brochures, post o imágenes en redes sociales) en el tema del procedimiento para realizar una "Denuncia de ventas de drogas" dirigidas a las comunidades integradas al Programa de Seguridad Comunitaria, que se localicen, dentro del área georreferenciada del informe territorial de la Estrategia Sembremos Seguridad 2024, una por año. | C6: 1 | D6: =SUM(E6:P6) -> 0
A7: PSCC | B7: Cuatro capacitaciones, en el tema de "Denuncia a búnkers", dirigidas a las comunidades integradas al Programa de Seguridad Comunitaria, que se localicen, dentro del área georreferenciada del informe territorial de la Estrategia Sembremos Seguridad 2024, dos por año, una por semestre.. | C7: 2 | D7: =SUM(E7:P7) -> 1 | H7: 1
A8: PSCC | B8: Dos estrategias de divulgación (Por medio de brochures, post o imágenes en redes sociales) en el tema del procedimiento para realizar una "Denuncia de búnkers" dirigidas a las comunidades integradas al Programa de Seguridad Comunitaria, que se localicen, dentro del área georreferenciada del informe territorial de la Estrategia Sembremos Seguridad 2024, una por año. | C8: 1 | D8: =SUM(E8:P8) -> 0
A9: PLAN DE POLITICA LOCAL E IMPLEMENTACIÓN DE LA POLITICA LOCAL DE SEGURIDAD | B9: Conformación Comité | C9: 1 | D9: =SUM(E9:O9) -> 0
B10: Conformación de Comercio | C10: 3 | D10: =SUM(E10:O10) -> 0
B11: Reuniones-Jefaturas | C11: 64 | D11: =SUM(E11:O11) -> 24 | E11: 5 | F11: 4 | G11: 2 | H11: 5 | I11: 5 | J11: 3
B12: Campañas de divulgación | C12: 44 | D12: =SUM(E12:O12) -> 7 | H12: 7
B13: Capacitaciones | C13: 2 | D13: =SUM(E13:O13) -> 0
B14: Charlas | C14: 21 | D14: =SUM(E14:O14) -> 0
B15: Talleres | C15: 0 | D15: =SUM(E15:O15) -> 0
B16: Sensibilización | C16: 1 | D16: =SUM(E16:O16) -> 1 | G16: 1
B17: Actividades deportivas | C17: 0 | D17: =SUM(E17:O17) -> 0
B18: Cine en mi Barrio | C18: 0 | D18: =SUM(E18:O18) -> 0
B19: Cívico-policial | C19: 7 | D19: =SUM(E19:O19) -> 2 | H19: 1 | I19: 1
B20: Actividades culturales | C20: 0 | D20: =SUM(E20:O20) -> 0
B21: Ferias | C21: 0 | D21: =SUM(E21:O21) -> 0
B22: Stand informativo | C22: 0 | D22: =SUM(E22:O22) -> 0
B23: Visitas | C23: 310 | D23: =SUM(E23:O23) -> 144 | E23: 42 | F23: 20 | G23: 24 | H23: 38 | I23: 16 | J23: 4
B24: Recuperación del espacio público | C24: 2 | D24: =SUM(E24:O24) -> 0
B25: Convocatoria de Mesas Locales | C25: 12 | D25: =SUM(E25:O25) -> 8 | F25: 2 | G25: 6
B26: Exposición Informe Territorial ESS | C26: 12 | D26: =SUM(E26:O26) -> 12 | H26: 12
B27: Primera Sesión de Trabajo | C27: 12 | D27: =SUM(E27:O27) -> 11 | I27: 11
B28: Segunda Sesión - Conformación Secretaria Técnica | C28: 12 | D28: =SUM(E28:O28) -> 2 | J28: 2
B29: Tercera Sesión | C29: 12 | D29: =SUM(E29:O29) -> 0
B30: Elaboracióin del Texto de la Política Local | C30: 1 | D30: =SUM(E30:O30) -> 0
B31: Revisión Técnica DPPP | C31: 1 | D31: =SUM(E31:O31) -> 0
B32: Revisión Area Legal Gobierno Local | C32: 1 | D32: =SUM(E32:O32) -> 0
B33: Incorporación de Observaciones | C33: 1 | D33: =SUM(E33:O33) -> 0
B34: Aval del Director Regional | C34: 1 | D34: =SUM(E34:O34) -> 0
B35: Presentación al Consejo Municipal | C35: 1 | D35: =SUM(E35:O35) -> 0
B36: Presentación ante la Comunidad por parte del Director Regional y Alcalde | C36: 1 | D36: =SUM(E36:O36) -> 0
C37: =SUM(C3:C36) -> 531 | D37: =SUM(D3:D36) -> 213
D38: =D37/C37 -> 0.40112994

Sheet D80 Buenos Aires
A1: PROGRAMA | B1: D80 BUENOS AIRES | C1: META | D1: AVANCE | E1: ENERO | F1: FEBRERO | G1: MARZO | H1: ABRIL | I1: MAYO | J1: JUNIO | K1: JULIO | L1: AGOSTO | M1: SEPTIEMBRE | N1: OCTUBRE | O1: NOVIEMBRE | P1: DICIEMBRE
C2: 2026 | D2: Porcentual
A3: PSCC | B3: Cuatro actividades de recuperación de espacios públicos, con las comunidades integradas al Programa de Seguridad Comunitaria, que se localicen, en los distritos que contemplan las área georreferenciadas del informe territorial de la Estrategia Sembremos Seguridad 2024, dos por año, una por semestre. | C3: 2 | D3: =SUM(E3:P3) -> 1 | E3: 1
A4: GREAT/MPAS/DARE | B4: Realizar 2 procesos formativos (Cursos de la oferta de los programas DARE - GREAT - MPAS) en Centros Educativos, Uno por año, dentro de los distritos que contemplan las áreas georreferenciadas del informe territorial de la Estrategia Sembremos Seguridad 2024. En caso de no contar con instructor acreditado DARE, se puede cumplir la meta con las charlas de Habilidades para la vida DARE, con el aval del Coordinador Nacional. | C4: 1 | D4: =SUM(E4:P4) -> 2 | E4: 0 | F4: 0 | G4: 0 | I4: 1 | J4: 1
A5: DARE | B5: Cubrir 2 procesos formativos en Centros Educativos (uno por año) ubicados dentro de los distritos que contemplan las áreas georreferenciadas del informe territorial de la Estrategia Sembremos Seguridad 2024, con los cursos del Programa DARE: , Curso primaria. Curso Secundaria; un nivel completo por centro educativo, por semestre. En caso de no contar con instructor acreditado, se puede cumplir la meta con las charlas de Habilidades para la vida DARE, con el aval del Coordinador Nacional. | C5: 1 | D5: =SUM(E5:P5) -> 0 | E5: 0 | F5: 0 | G5: 0
A6: PSCC | B6: Cuatro comercios capacitados e integrados al Programa de Seguridad Comercial que se localicen, en los distritos que contemplan las área georreferenciadas del informe territorial de la Estrategia Sembremos Seguridad 2024, dos por año, una por semestre. | C6: 2 | D6: =SUM(E6:P6) -> 0
A7: PSCC | B7: Cuatro estrategias de divulgación (Por medio de brochures, post o imágenes en redes sociales) diseñadas por la Estrategia de divulgación de la Dirección de Programas Policiales Preventivos, en el tema de "Prevención del Consumo de alcohol en vía pública" dirigidas a las comunidades integradas al Programa de Seguridad Comunitaria y a los comercios integrados al Programa de Seguridad Comercial que se localicen, en los distritos que contemplan las área georreferenciadas del informe territorial de la Estrategia Sembremos Seguridad 2024, dos por año. | C7: 2 | D7: =SUM(E7:P7) -> 1 | E7: 1
A8: PSCC | B8: Dos estrategias de divulgación (Por medio de brochures, post o imágenes en redes sociales) en el tema del procedimiento para realizar una "Denuncia de ventas de drogas" diseñadas por la Estrategia de divulgación de la Dirección de Programas Policiales Preventivos dirigidas a las comunidades integradas al Programa de Seguridad Comunitaria que se localicen, en los distritos que contemplan las área georreferenciadas del informe territorial de la Estrategia Sembremos Seguridad 2024, una por año. | C8: 1 | D8: =SUM(E8:P8) -> 1 | E8: 1
A9: PLAN DE POLITICA LOCAL E IMPLEMENTACIÓN DE LA POLITICA LOCAL DE SEGURIDAD | B9: Conformación Comité | C9: 2 | D9: =SUM(E9:O9) -> 0
B10: Conformación de Comercio | C10: 3 | D10: =SUM(E10:O10) -> 0
B11: Reuniones-Jefaturas | C11: 104 | D11: =SUM(E11:O11) -> 36 | E11: 5 | F11: 8 | G11: 8 | H11: 7 | I11: 7 | J11: 1
B12: Campañas de divulgación | C12: 86 | D12: =SUM(E12:O12) -> 43 | G12: 5 | H12: 38
B13: Capacitaciones | C13: 2 | D13: =SUM(E13:O13) -> 0
B14: Charlas | C14: 18 | D14: =SUM(E14:O14) -> 8 | E14: 2 | F14: 4 | I14: 1 | J14: 1
B15: Talleres | C15: 3 | D15: =SUM(E15:O15) -> 0
B16: Sensibilización | C16: 10 | D16: =SUM(E16:O16) -> 3 | H16: 1 | I16: 2
B17: Actividades deportivas | C17: 7 | D17: =SUM(E17:O17) -> 2 | G17: 1 | I17: 1
B18: Cine en mi Barrio | C18: 7 | D18: =SUM(E18:O18) -> 3 | E18: 2 | G18: 1
B19: Cívico-policial | C19: 2 | D19: =SUM(E19:O19) -> 0
B20: Actividades culturales | C20: 0 | D20: =SUM(E20:O20) -> 0
B21: Ferias | C21: 1 | D21: =SUM(E21:O21) -> 0
B22: Stand informativo | C22: 2 | D22: =SUM(E22:O22) -> 1 | F22: 1
B23: Visitas | C23: 177 | D23: =SUM(E23:O23) -> 90 | E23: 47 | F23: 10 | H23: 16 | I23: 13 | J23: 4
B24: Recuperación del espacio público | C24: 3 | D24: =SUM(E24:O24) -> 1 | E24: 1
B25: Convocatoria de Mesas Locales | C25: 9 | D25: =SUM(E25:O25) -> 9 | G25: 2 | H25: 7
B26: Exposición Informe Territorial ESS | C26: 9 | D26: =SUM(E26:O26) -> 9 | H26: 9
B27: Primera Sesión de Trabajo | C27: 9 | D27: =SUM(E27:O27) -> 9 | I27: 9
B28: Segunda Sesión - Conformación Secretaria Técnica | C28: 9 | D28: =SUM(E28:O28) -> 2 | J28: 2
B29: Tercera Sesión | C29: 9 | D29: =SUM(E29:O29) -> 0
B30: Elaboracióin del Texto de la Política Local | C30: 1 | D30: =SUM(E30:O30) -> 0
B31: Revisión Técnica DPPP | C31: 1 | D31: =SUM(E31:O31) -> 0
B32: Revisión Area Legal Gobierno Local | C32: 1 | D32: =SUM(E32:O32) -> 0
B33: Incorporación de Observaciones | C33: 1 | D33: =SUM(E33:O33) -> 0
B34: Aval del Director Regional | C34: 1 | D34: =SUM(E34:O34) -> 0
B35: Presentación al Consejo Municipal | C35: 1 | D35: =SUM(E35:O35) -> 0
B36: Presentación ante la Comunidad por parte del Director Regional y Alcalde | C36: 1 | D36: =SUM(E36:O36) -> 0
C37: =SUM(C3:C36) -> 488 | D37: =SUM(D3:D36) -> 221
D38: =D37/C37 -> 0.45286885

Sheet D81 Osa
A1: PROGRAMA | B1: D81 OSA | C1: META | D1: AVANCE | E1: ENERO | F1: FEBRERO | G1: MARZO | H1: ABRIL | I1: MAYO | J1: JUNIO | K1: JULIO | L1: AGOSTO | M1: SEPTIEMBRE | N1: OCTUBRE | O1: NOVIEMBRE | P1: DICIEMBRE
C2: 2026 | D2: Porcentual
A3: PSCC | B3: Cuatro actividades de recuperación de espacios públicos, con las comunidades integradas al Programa de Seguridad Comunitaria, que se localicen, en los distritos que contemplan las área georreferenciadas del informe territorial de la Estrategia Sembremos Seguridad 2024, dos por año, una por semestre. | C3: 2 | D3: =SUM(E3:P3) -> 0
A4: GREAT/MPAS/DARE | B4: Realizar 2 procesos formativos (Cursos de la oferta de los programas DARE - GREAT - MPAS) en Centros Educativos, Uno por año, dentro de los distritos que contemplan las áreas georreferenciadas del informe territorial de la Estrategia Sembremos Seguridad 2024. En caso de no contar con instructor acreditado DARE, se puede cumplir la meta con las charlas de Habilidades para la vida DARE, con el aval del Coordinador Nacional. | C4: 1 | D4: =SUM(E4:P4) -> 0 | E4: 0 | F4: 0 | G4: 0 | H4: 0
A5: PSCC | B5: Dos estrategias de divulgación (Por medio de brochures, post o imágenes en redes sociales) en el tema del procedimiento para realizar una "Denuncia de Ventas de drogas" dirigidas a las comunidades integradas al Programa de Seguridad Comunitaria que se localicen, en los distritos que contemplan las área georreferenciadas del informe territorial de la Estrategia Sembremos Seguridad 2024, una por año. | C5: 1 | D5: =SUM(E5:P5) -> 0
A6: PSCC | B6: Cuatro capacitaciones, en el tema de "Denuncia a búnkers", dirigidas a las comunidades integradas al Programa de Seguridad Comunitaria que se localicen, en los distritos que contemplan las área georreferenciadas del informe territorial de la Estrategia Sembremos Seguridad 2024, dos por año, una por semestre. | C6: 2 | D6: =SUM(E6:P6) -> 0
A7: PSCC | B7: Dos estrategias de divulgación (Por medio de brochures, post o imágenes en redes sociales) en el tema del procedimiento para realizar una "Denuncia de búnkers" dirigidas a las comunidades integradas al Programa de Seguridad Comunitaria que se localicen, en los distritos que contemplan las área georreferenciadas del informe territorial de la Estrategia Sembremos Seguridad 2024, una por año. | C7: 1 | D7: =SUM(E7:P7) -> 0
A8: PSCC | B8: Dos estrategias de divulgación (Por medio de brochures, post o imágenes en redes sociales) en el tema del procedimiento para realizar una "Denuncia de receptación" dirigidas a las comunidades integradas al Programa de Seguridad Comunitaria que se localicen, en los distritos que contemplan las área georreferenciadas del informe territorial de la Estrategia Sembremos Seguridad 2024, una por año. | C8: 1 | D8: =SUM(E8:P8) -> 0
A9: PLAN DE POLITICA LOCAL E IMPLEMENTACIÓN DE LA POLITICA LOCAL DE SEGURIDAD | B9: Conformación Comité | C9: 0 | D9: =SUM(E9:O9) -> 0
B10: Conformación de Comercio | C10: 0 | D10: =SUM(E10:O10) -> 0
B11: Reuniones-Jefaturas | C11: 40 | D11: =SUM(E11:O11) -> 20 | E11: 4 | F11: 6 | H11: 4 | I11: 6
B12: Campañas de divulgación | C12: 11 | D12: =SUM(E12:O12) -> 13 | G12: 10 | H12: 3
B13: Capacitaciones | C13: 0 | D13: =SUM(E13:O13) -> 0
B14: Charlas | C14: 17 | D14: =SUM(E14:O14) -> 2 | I14: 2
B15: Talleres | C15: 0 | D15: =SUM(E15:O15) -> 0
B16: Sensibilización | C16: 6 | D16: =SUM(E16:O16) -> 0
B17: Actividades deportivas | C17: 0 | D17: =SUM(E17:O17) -> 0
B18: Cine en mi Barrio | C18: 2 | D18: =SUM(E18:O18) -> 2 | F18: 1 | I18: 1
B19: Cívico-policial | C19: 0 | D19: =SUM(E19:O19) -> 0
B20: Actividades culturales | C20: 0 | D20: =SUM(E20:O20) -> 0
B21: Ferias | C21: 0 | D21: =SUM(E21:O21) -> 0
B22: Stand informativo | C22: 0 | D22: =SUM(E22:O22) -> 0
B23: Visitas | C23: 120 | D23: =SUM(E23:O23) -> 38 | G23: 30 | J23: 8
B24: Recuperación del espacio público | C24: 4 | D24: =SUM(E24:O24) -> 4 | H24: 1 | I24: 3
B25: Convocatoria de Mesas Locales | C25: 5 | D25: =SUM(E25:O25) -> 5 | G25: 5
B26: Exposición Informe Territorial ESS | C26: 5 | D26: =SUM(E26:O26) -> 5 | H26: 5
B27: Primera Sesión de Trabajo | C27: 5 | D27: =SUM(E27:O27) -> 5 | I27: 5
B28: Segunda Sesión - Conformación Secretaria Técnica | C28: 5 | D28: =SUM(E28:O28) -> 0
B29: Tercera Sesión | C29: 5 | D29: =SUM(E29:O29) -> 0
B30: Elaboracióin del Texto de la Política Local | C30: 1 | D30: =SUM(E30:O30) -> 0
B31: Revisión Técnica DPPP | C31: 1 | D31: =SUM(E31:O31) -> 0
B32: Revisión Area Legal Gobierno Local | C32: 1 | D32: =SUM(E32:O32) -> 0
B33: Incorporación de Observaciones | C33: 1 | D33: =SUM(E33:O33) -> 0
B34: Aval del Director Regional | C34: 1 | D34: =SUM(E34:O34) -> 0
B35: Presentación al Consejo Municipal | C35: 1 | D35: =SUM(E35:O35) -> 0
B36: Presentación ante la Comunidad por parte del Director Regional y Alcalde | C36: 1 | D36: =SUM(E36:O36) -> 0
C37: =SUM(C3:C36) -> 240 | D37: =SUM(D3:D36) -> 94
D38: =D37/C37 -> 0.39166667

Sheet Total Región
A1: Delegación | C1: META | D1: AVANCE | E1: % AVANCE
A2: D79 | B2: PEREZ ZELEDÓN | C2: ='D79 Perez Zeledón'!C37 -> 531 | D2: ='D79 Perez Zeledón'!D37 -> 213 | E2: =D2/C2 -> 0.40112994
A3: D80 | B3: BUENOS AIRES | C3: ='D80 Buenos Aires'!C37 -> 488 | D3: ='D80 Buenos Aires'!D37 -> 221 | E3: =D3/C3 -> 0.45286885
A4: D81 | B4: OSA | C4: ='D81 Osa'!C37 -> 240 | D4: ='D81 Osa'!D37 -> 94 | E4: =D4/C4 -> 0.39166667
B5: TOTALES | C5: =SUM(C2:C4) -> 1259 | D5: =SUM(D2:D4) -> 528 | E5: =D5/C5 -> 0.41938046
