Workbook
Name ABANG: [1]DAT2!#REF!
Name ABANG: [2]DAT2!#REF!
Name ABANG: [3]DAT2!#REF!
Name ABANG: [4]DAT2!#REF!
Name ABANG: [5]DAT2!#REF!
Name ABANG: [6]DAT2!#REF!
Name ACOS: [1]DAT2!#REF!
Name ACOS: [2]DAT2!#REF!
Name ACOS: [3]DAT2!#REF!
Name ACOS: [4]DAT2!#REF!
Name ACOS: [5]DAT2!#REF!
Name ACOS: [6]DAT2!#REF!
Name ALAJU: [1]DAT2!#REF!
Name ALAJU: [2]DAT2!#REF!
Name ALAJU: [3]DAT2!#REF!
Name ALAJU: [4]DAT2!#REF!
Name ALAJU: [5]DAT2!#REF!
Name ALAJU: [6]DAT2!#REF!
Name ALAJUE: [1]DAT2!#REF!
Name ALAJUE: [2]DAT2!#REF!
Name ALAJUE: [3]DAT2!#REF!
Name ALAJUE: [4]DAT2!#REF!
Name ALAJUE: [5]DAT2!#REF!
Name ALAJUE: [6]DAT2!#REF!
Name ALVA: [1]DAT2!#REF!
Name ALVA: [2]DAT2!#REF!
Name ALVA: [3]DAT2!#REF!
Name ALVA: [4]DAT2!#REF!
Name ALVA: [5]DAT2!#REF!
Name ALVA: [6]DAT2!#REF!
Name ASERR: [1]DAT2!#REF!
Name ASERR: [2]DAT2!#REF!
Name ASERR: [3]DAT2!#REF!
Name ASERR: [4]DAT2!#REF!
Name ASERR: [5]DAT2!#REF!
Name ASERR: [6]DAT2!#REF!
Name ATE: [1]DAT2!#REF!
Name ATE: [2]DAT2!#REF!
Name ATE: [3]DAT2!#REF!
Name ATE: [4]DAT2!#REF!
Name ATE: [5]DAT2!#REF!
Name ATE: [6]DAT2!#REF!
Name BAGAC: [1]DAT2!#REF!
Name BAGAC: [2]DAT2!#REF!
Name BAGAC: [3]DAT2!#REF!
Name BAGAC: [4]DAT2!#REF!
Name BAGAC: [5]DAT2!#REF!
Name BAGAC: [6]DAT2!#REF!
Name BARV: [1]DAT2!#REF!
Name BARV: [2]DAT2!#REF!
Name BARV: [3]DAT2!#REF!
Name BARV: [4]DAT2!#REF!
Name BARV: [5]DAT2!#REF!
Name BARV: [6]DAT2!#REF!
Name BEL: [1]DAT2!#REF!
Name BEL: [2]DAT2!#REF!
Name BEL: [3]DAT2!#REF!
Name BEL: [4]DAT2!#REF!
Name BEL: [5]DAT2!#REF!
Name BEL: [6]DAT2!#REF!

Sheet D82E San Carlos Este
A1: PROGRAMA | B1: D82E SAN CARLOS ESTE | C1: META | D1: AVANCE | E1: ENERO | F1: FEBRERO | G1: MARZO | H1: ABRIL | I1: MAYO | J1: JUNIO | K1: JULIO | L1: AGOSTO | M1: SEPTIEMBRE | N1: OCTUBRE | O1: NOVIEMBRE | P1: DICIEMBRE
C2: 2026 | D2: Porcentual
A3: PSCC | B3: Cuatro actividades de recuperación de espacios públicos, con las comunidades integradas al Programa de Seguridad Comunitaria, que se localicen, en los distritos que contemplan las área georreferenciadas del informe territorial de la Estrategia Sembremos Seguridad 2024, dos por año, una por semestre. | C3: 2 | D3: =SUM(E3:P3) -> 1 | J3: 1
A4: GREAT/MPAS/DARE | B4: Realizar 2 procesos formativos (Cursos de la oferta de los programas DARE - GREAT - MPAS) en Centros Educativos, Uno por año, dentro de los distritos que contemplan las áreas georreferenciadas del informe territorial de la Estrategia Sembremos Seguridad 2024. En caso de no contar con instructor acreditado DARE, se puede cumplir la meta con las charlas de Habilidades para la vida DARE, con el aval del Coordinador Nacional. | C4: 2 | D4: =SUM(E4:P4) -> 0 | F4: 0 | G4: 0 | H4: 0
A5: DARE | B5: Cubrir 2 procesos formativos en Centros Educativos (uno por año) ubicados dentro de los distritos que contemplan las áreas georreferenciadas del informe territorial de la Estrategia Sembremos Seguridad 2024, con los cursos del Programa DARE: Curso primaria. Curso Secundaria; un nivel completo por centro educativo, por semestre. En caso de no contar con instructor acreditado, se puede cumplir la meta con las charlas de Habilidades para la vida DARE, con el aval del Coordinador Nacional. | C5: 2 | D5: =SUM(E5:P5) -> 2 | F5: 0 | G5: 0 | H5: 2
A6: PSCC | B6: Cuatro capacitaciones, en el tema de "Denuncia a búnkers", dirigidas a las comunidades integradas al Programa de Seguridad Comunitaria que se localicen, en los distritos que contemplan las área georreferenciadas del informe territorial de la Estrategia Sembremos Seguridad 2024, dos por año, una por semestre. | C6: 2 | D6: =SUM(E6:P6) -> 1 | G6: 1
A7: PSCC | B7: Dos estrategias de divulgación (Por medio de brochures, post o imágenes en redes sociales) en el tema del procedimiento para realizar una "Denuncia de búnkers" dirigidas a las comunidades integradas al Programa de Seguridad Comunitaria que se localicen, en los distritos que contemplan las área georreferenciadas del informe territorial de la Estrategia Sembremos Seguridad 2024, una por año. | C7: 1 | D7: =SUM(E7:P7) -> 1 | G7: 1
A8: PLAN DE POLITICA LOCAL E IMPLEMENTACIÓN DE LA POLITICA LOCAL DE SEGURIDAD | B8: Conformación Comité | C8: 3 | D8: =SUM(E8:O8) -> 0
B9: Conformación de Comercio | C9: 3 | D9: =SUM(E9:O9) -> 0
B10: Reuniones-Jefaturas | C10: 176 | D10: =SUM(E10:O10) -> 63 | E10: 5 | F10: 6 | G10: 28 | H10: 8 | I10: 13 | J10: 3
B11: Campañas de divulgación | C11: 99 | D11: =SUM(E11:O11) -> 71 | G11: 10 | H11: 55 | I11: 6
B12: Capacitaciones | C12: 0 | D12: =SUM(E12:O12) -> 0
B13: Charlas | C13: 2 | D13: =SUM(E13:O13) -> 1 | G13: 1
B14: Talleres | C14: 0 | D14: =SUM(E14:O14) -> 0
B15: Sensibilización | C15: 0 | D15: =SUM(E15:O15) -> 0
B16: Actividades deportivas | C16: 0 | D16: =SUM(E16:O16) -> 0
B17: Cine en mi Barrio | C17: 0 | D17: =SUM(E17:O17) -> 0
B18: Cívico-policial | C18: 0 | D18: =SUM(E18:O18) -> 0
B19: Actividades culturales | C19: 0 | D19: =SUM(E19:O19) -> 0
B20: Ferias | C20: 0 | D20: =SUM(E20:O20) -> 0
B21: Stand informativo | C21: 2 | D21: =SUM(E21:O21) -> 2 | I21: 1 | J21: 1
B22: Visitas | C22: 323 | D22: =SUM(E22:O22) -> 137 | E22: 42 | F22: 41 | G22: 11 | I22: 43
B23: Recuperación del espacio público | C23: 2 | D23: =SUM(E23:O23) -> 1 | J23: 1
B24: Convocatoria de Mesas Locales | C24: 7 | D24: =SUM(E24:O24) -> 7 | F24: 6 | H24: 1
B25: Exposición Informe Territorial ESS | C25: 7 | D25: =SUM(E25:O25) -> 1 | H25: 1
B26: Primera Sesión de Trabajo | C26: 7 | D26: =SUM(E26:O26) -> 7 | I26: 7
B27: Segunda Sesión - Conformación Secretaria Técnica | C27: 7 | D27: =SUM(E27:O27) -> 1 | J27: 1
B28: Tercera Sesión | C28: 7 | D28: =SUM(E28:O28) -> 0
B29: Elaboracióin del Texto de la Política Local | C29: 1 | D29: =SUM(E29:O29) -> 0
B30: Revisión Técnica DPPP | C30: 1 | D30: =SUM(E30:O30) -> 0
B31: Revisión Area Legal Gobierno Local | C31: 1 | D31: =SUM(E31:O31) -> 0
B32: Incorporación de Observaciones | C32: 1 | D32: =SUM(E32:O32) -> 0
B33: Aval del Director Regional | C33: 1 | D33: =SUM(E33:O33) -> 0
B34: Presentación al Consejo Municipal | C34: 1 | D34: =SUM(E34:O34) -> 0
B35: Presentación ante la Comunidad por parte del Director Regional y Alcalde | C35: 1 | D35: =SUM(E35:O35) -> 0
C36: =SUM(C3:C35) -> 661 | D36: =SUM(D3:D35) -> 296
D37: =D36/C36 -> 0.44780635

Sheet D82O San Carlos Oeste
A1: PROGRAMA | B1: D82O SAN CARLOS OESTE | C1: META | D1: AVANCE | E1: ENERO | F1: FEBRERO | G1: MARZO | H1: ABRIL | I1: MAYO | J1: JUNIO | K1: JULIO | L1: AGOSTO | M1: SEPTIEMBRE | N1: OCTUBRE | O1: NOVIEMBRE | P1: DICIEMBRE
C2: 2026 | D2: Porcentual
A3: PSCC | B3: Cuatro actividades de recuperación de espacios públicos, con las comunidades integradas al Programa de Seguridad Comunitaria, que se localicen, en los distritos que contemplan las área georreferenciadas del informe territorial de la Estrategia Sembremos Seguridad 2024, dos por año, una por semestre. | C3: 2 | D3: =SUM(E3:P3) -> 1 | G3: 1
A4: GREAT/MPAS/DARE | B4: Realizar 2 procesos formativos (Cursos de la oferta de los programas DARE - GREAT - MPAS) en Centros Educativos, Uno por año, dentro de los distritos que contemplan las áreas georreferenciadas del informe territorial de la Estrategia Sembremos Seguridad 2024. En caso de no contar con instructor acreditado DARE, se puede cumplir la meta con las charlas de Habilidades para la vida DARE, con el aval del Coordinador Nacional. | C4: 2 | D4: =SUM(E4:P4) -> 1 | E4: 0 | F4: 0 | G4: 0 | H4: 0 | J4: 1
A5: DARE | B5: Cubrir 2 procesos formativos en Centros Educativos (uno por año) ubicados dentro de los distritos que contemplan las áreas georreferenciadas del informe territorial de la Estrategia Sembremos Seguridad 2024, con los cursos del Programa DARE: , Curso primaria. Curso Secundaria; un nivel completo por centro educativo, por semestre. En caso de no contar con instructor acreditado, se puede cumplir la meta con las charlas de Habilidades para la vida DARE, con el aval del Coordinador Nacional. | C5: 2 | D5: =SUM(E5:P5) -> 0 | E5: 0 | F5: 0 | G5: 0 | H5: 0
A6: PLAN DE POLITICA LOCAL E IMPLEMENTACIÓN DE LA POLITICA LOCAL DE SEGURIDAD | B6: Conformación Comité | C6: 3 | D6: =SUM(E6:O6) -> 0
B7: Conformación de Comercio | C7: 3 | D7: =SUM(E7:O7) -> 0
B8: Reuniones-Jefaturas | C8: 100 | D8: =SUM(E8:O8) -> 28 | E8: 8 | F8: 7 | G8: 8 | H8: 3 | I8: 2
B9: Campañas de divulgación | C9: 55 | D9: =SUM(E9:O9) -> 17 | E9: 6 | G9: 1 | H9: 10
B10: Capacitaciones | C10: 0 | D10: =SUM(E10:O10) -> 0
B11: Charlas | C11: 5 | D11: =SUM(E11:O11) -> 1 | H11: 1
B12: Talleres | C12: 0 | D12: =SUM(E12:O12) -> 0
B13: Sensibilización | C13: 4 | D13: =SUM(E13:O13) -> 2 | H13: 2
B14: Actividades deportivas | C14: 0 | D14: =SUM(E14:O14) -> 0
B15: Cine en mi Barrio | C15: 0 | D15: =SUM(E15:O15) -> 0
B16: Cívico-policial | C16: 0 | D16: =SUM(E16:O16) -> 0
B17: Actividades culturales | C17: 0 | D17: =SUM(E17:O17) -> 0
B18: Ferias | C18: 0 | D18: =SUM(E18:O18) -> 0
B19: Stand informativo | C19: 0 | D19: =SUM(E19:O19) -> 0
B20: Visitas | C20: 172 | D20: =SUM(E20:O20) -> 53 | E20: 8 | F20: 35 | G20: 9 | H20: 1
B21: Recuperación del espacio público | C21: 0 | D21: =SUM(E21:O21) -> 0
B22: Convocatoria de Mesas Locales | C22: 6 | D22: =SUM(E22:O22) -> 5 | F22: 1 | G22: 4
B23: Exposición Informe Territorial ESS | C23: 6 | D23: =SUM(E23:O23) -> 6 | H23: 6
B24: Primera Sesión de Trabajo | C24: 6 | D24: =SUM(E24:O24) -> 0
B25: Segunda Sesión - Conformación Secretaria Técnica | C25: 6 | D25: =SUM(E25:O25) -> 0
B26: Tercera Sesión | C26: 6 | D26: =SUM(E26:O26) -> 0
B27: Elaboracióin del Texto de la Política Local | C27: 1 | D27: =SUM(E27:O27) -> 0
B28: Revisión Técnica DPPP | C28: 1 | D28: =SUM(E28:O28) -> 0
B29: Revisión Area Legal Gobierno Local | C29: 1 | D29: =SUM(E29:O29) -> 0
B30: Incorporación de Observaciones | C30: 1 | D30: =SUM(E30:O30) -> 0
B31: Aval del Director Regional | C31: 1 | D31: =SUM(E31:O31) -> 0
B32: Presentación al Consejo Municipal | C32: 1 | D32: =SUM(E32:O32) -> 0
B33: Presentación ante la Comunidad por parte del Director Regional y Alcalde | C33: 1 | D33: =SUM(E33:O33) -> 0
C34: =SUM(C3:C33) -> 385 | D34: =SUM(D3:D33) -> 114
D35: =D34/C34 -> 0.2961039

Sheet D83 Zarcero
A1: PROGRAMA | B1: D83 ZARCERO | C1: META | D1: AVANCE | E1: ENERO | F1: FEBRERO | G1: MARZO | H1: ABRIL | I1: MAYO | J1: JUNIO | K1: JULIO | L1: AGOSTO | M1: SEPTIEMBRE | N1: OCTUBRE | O1: NOVIEMBRE | P1: DICIEMBRE
C2: 2026 | D2: Porcentual
A3: PSCC | B3: Cuatro actividades de Cohesión Social, con las comunidades integradas al Programa de Seguridad Comunitaria, que se localicen, en los distritos que contemplan las área georreferenciadas del informe territorial de la Estrategia Sembremos Seguridad 2024, dos por año, una por semestre. | C3: 2 | D3: =SUM(E3:P3) -> 1 | E3: 1
A4: GREAT/MPAS/DARE | B4: Realizar 2 procesos formativos (Cursos de la oferta de los programas DARE - GREAT - MPAS) en Centros Educativos, Uno por año, dentro de los distritos que contemplan las áreas georreferenciadas del informe territorial de la Estrategia Sembremos Seguridad 2024. En caso de no contar con instructor acreditado DARE, se puede cumplir la meta con las charlas de Habilidades para la vida DARE, con el aval del Coordinador Nacional. | C4: 1 | D4: =SUM(E4:P4) -> 1 | E4: 0 | F4: 0 | G4: 0 | H4: 0 | I4: 1
A5: DARE | B5: Cubrir 2 procesos formativos en Centros Educativos (uno por año) ubicados dentro de los distritos que contemplan las áreas georreferenciadas del informe territorial de la Estrategia Sembremos Seguridad 2024, con los cursos del Programa DARE: , Curso primaria. Curso Secundaria; un nivel completo por centro educativo, por semestre. En caso de no contar con instructor acreditado, se puede cumplir la meta con las charlas de Habilidades para la vida DARE, con el aval del Coordinador Nacional. | C5: 2 | D5: =SUM(E5:P5) -> 0 | E5: 0 | F5: 0 | G5: 0 | H5: 0
A6: PSCC | B6: Cuatro comercios capacitados e integrados al Programa de Seguridad Comercial que se localicen, en los distritos que contemplan las área georreferenciadas del informe territorial de la Estrategia Sembremos Seguridad 2024, dos por año, una por semestre. | C6: 2 | D6: =SUM(E6:P6) -> 0
A7: PSCC | B7: Cuatro estrategias de divulgación (Por medio de brochures, post o imágenes en redes sociales) diseñadas por la Estrategia de divulgación de la Dirección de Programas Policiales Preventivos, en el tema de "Prevención del Consumo de alcohol en vía pública" dirigidas a las comunidades integradas al Programa de Seguridad Comunitaria y a los comercios integrados al Programa de Seguridad Comercial que se localicen, en los distritos que contemplan las área georreferenciadas del informe territorial de la Estrategia Sembremos Seguridad 2024, dos por año. | C7: 2 | D7: =SUM(E7:P7) -> 1 | I7: 1
A8: PLAN DE POLITICA LOCAL E IMPLEMENTACIÓN DE LA POLITICA LOCAL DE SEGURIDAD | B8: Conformación Comité | C8: 0 | D8: =SUM(E8:O8) -> 0
B9: Conformación de Comercio | C9: 0 | D9: =SUM(E9:O9) -> 0
B10: Reuniones-Jefaturas | C10: 40 | D10: =SUM(E10:O10) -> 19 | E10: 6 | F10: 3 | G10: 1 | H10: 5 | I10: 3 | J10: 1
B11: Campañas de divulgación | C11: 20 | D11: =SUM(E11:O11) -> 6 | H11: 6
B12: Capacitaciones | C12: 0 | D12: =SUM(E12:O12) -> 0
B13: Charlas | C13: 0 | D13: =SUM(E13:O13) -> 0
B14: Talleres | C14: 0 | D14: =SUM(E14:O14) -> 0
B15: Sensibilización | C15: 0 | D15: =SUM(E15:O15) -> 0
B16: Actividades deportivas | C16: 0 | D16: =SUM(E16:O16) -> 0
B17: Cine en mi Barrio | C17: 0 | D17: =SUM(E17:O17) -> 0
B18: Cívico-policial | C18: 0 | D18: =SUM(E18:O18) -> 0
B19: Actividades culturales | C19: 0 | D19: =SUM(E19:O19) -> 0
B20: Ferias | C20: 0 | D20: =SUM(E20:O20) -> 0
B21: Stand informativo | C21: 0 | D21: =SUM(E21:O21) -> 0
B22: Visitas | C22: 92 | D22: =SUM(E22:O22) -> 46 | E22: 21 | F22: 7 | H22: 11 | I22: 7
B23: Recuperación del espacio público | C23: 0 | D23: =SUM(E23:O23) -> 0
B24: Convocatoria de Mesas Locales | C24: 7 | D24: =SUM(E24:O24) -> 7 | G24: 7
B25: Exposición Informe Territorial ESS | C25: 7 | D25: =SUM(E25:O25) -> 7 | H25: 7
B26: Primera Sesión de Trabajo | C26: 7 | D26: =SUM(E26:O26) -> 7 | I26: 7
B27: Segunda Sesión - Conformación Secretaria Técnica | C27: 7 | D27: =SUM(E27:O27) -> 3 | J27: 3
B28: Tercera Sesión | C28: 7 | D28: =SUM(E28:O28) -> 0
B29: Elaboracióin del Texto de la Política Local | C29: 1 | D29: =SUM(E29:O29) -> 0
B30: Revisión Técnica DPPP | C30: 1 | D30: =SUM(E30:O30) -> 0
B31: Revisión Area Legal Gobierno Local | C31: 1 | D31: =SUM(E31:O31) -> 0
B32: Incorporación de Observaciones | C32: 1 | D32: =SUM(E32:O32) -> 0
B33: Aval del Director Regional | C33: 1 | D33: =SUM(E33:O33) -> 0
B34: Presentación al Consejo Municipal | C34: 1 | D34: =SUM(E34:O34) -> 0
B35: Presentación ante la Comunidad por parte del Director Regional y Alcalde | C35: 1 | D35: =SUM(E35:O35) -> 0
C36: =SUM(C3:C35) -> 203 | D36: =SUM(D3:D35) -> 98
D37: =D36/C36 -> 0.48275862

Sheet D86 Guatuso
A1: PROGRAMA | B1: D86 GUATUSO | C1: META | D1: AVANCE | E1: ENERO | F1: FEBRERO | G1: MARZO | H1: ABRIL | I1: MAYO | J1: JUNIO | K1: JULIO | L1: AGOSTO | M1: SEPTIEMBRE | N1: OCTUBRE | O1: NOVIEMBRE | P1: DICIEMBRE
C2: 2026 | D2: Porcentual
A3: PSCC | B3: Cuatro actividades de Cohesión Social, con las comunidades integradas al Programa de Seguridad Comunitaria, que se localicen, en los distritos que contemplan las área georreferenciadas del informe territorial de la Estrategia Sembremos Seguridad 2024, dos por año, una por semestre. | C3: 2 | D3: =SUM(E3:P3) -> 0
A4: GREAT/MPAS/DARE | B4: Realizar 2 procesos formativos (Cursos de la oferta de los programas DARE - GREAT - MPAS) en Centros Educativos, Uno por año, dentro de los distritos que contemplan las áreas georreferenciadas del informe territorial de la Estrategia Sembremos Seguridad 2024. En caso de no contar con instructor acreditado DARE, se puede cumplir la meta con las charlas de Habilidades para la vida DARE, con el aval del Coordinador Nacional. | C4: 1 | D4: =SUM(E4:P4) -> 0 | E4: 0 | F4: 0 | G4: 0 | H4: 0
A5: PSCC | B5: Dos estrategias de divulgación (Por medio de brochures, post o imágenes en redes sociales) en el tema del procedimiento para realizar una "Denuncia de ventas de drogas" diseñadas por la Estrategia de divulgación de la Dirección de Programas Policiales Preventivos dirigidas a las comunidades integradas al Programa de Seguridad Comunitaria que se localicen, en los distritos que contemplan las área georreferenciadas del informe territorial de la Estrategia Sembremos Seguridad 2024, una por año. | C5: 1 | D5: =SUM(E5:P5) -> 1 | H5: 1
A6: PLAN DE POLITICA LOCAL E IMPLEMENTACIÓN DE LA POLITICA LOCAL DE SEGURIDAD | B6: Conformación Comité | C6: 3 | D6: =SUM(E6:O6) -> 1 | H6: 1
B7: Conformación de Comercio | C7: 3 | D7: =SUM(E7:O7) -> 1 | G7: 1
B8: Reuniones-Jefaturas | C8: 24 | D8: =SUM(E8:O8) -> 8 | F8: 2 | H8: 3 | I8: 3
B9: Campañas de divulgación | C9: 26 | D9: =SUM(E9:O9) -> 11 | H9: 11
B10: Capacitaciones | C10: 0 | D10: =SUM(E10:O10) -> 0
B11: Charlas | C11: 0 | D11: =SUM(E11:O11) -> 0
B12: Talleres | C12: 0 | D12: =SUM(E12:O12) -> 0
B13: Sensibilización | C13: 0 | D13: =SUM(E13:O13) -> 0
B14: Actividades deportivas | C14: 0 | D14: =SUM(E14:O14) -> 0
B15: Cine en mi Barrio | C15: 0 | D15: =SUM(E15:O15) -> 0
B16: Cívico-policial | C16: 4 | D16: =SUM(E16:O16) -> 3 | I16: 3
B17: Actividades culturales | C17: 0 | D17: =SUM(E17:O17) -> 0
B18: Ferias | C18: 0 | D18: =SUM(E18:O18) -> 0
B19: Stand informativo | C19: 0 | D19: =SUM(E19:O19) -> 0
B20: Visitas | C20: 47 | D20: =SUM(E20:O20) -> 0
B21: Recuperación del espacio público | C21: 0 | D21: =SUM(E21:O21) -> 0
B22: Convocatoria de Mesas Locales | C22: 4 | D22: =SUM(E22:O22) -> 5 | G22: 1 | H22: 4
B23: Exposición Informe Territorial ESS | C23: 4 | D23: =SUM(E23:O23) -> 4 | H23: 4
B24: Primera Sesión de Trabajo | C24: 4 | D24: =SUM(E24:O24) -> 3 | I24: 3
B25: Segunda Sesión - Conformación Secretaria Técnica | C25: 4 | D25: =SUM(E25:O25) -> 0
B26: Tercera Sesión | C26: 4 | D26: =SUM(E26:O26) -> 0
B27: Elaboracióin del Texto de la Política Local | C27: 1 | D27: =SUM(E27:O27) -> 0
B28: Revisión Técnica DPPP | C28: 1 | D28: =SUM(E28:O28) -> 0
B29: Revisión Area Legal Gobierno Local | C29: 1 | D29: =SUM(E29:O29) -> 0
B30: Incorporación de Observaciones | C30: 1 | D30: =SUM(E30:O30) -> 0
B31: Aval del Director Regional | C31: 1 | D31: =SUM(E31:O31) -> 0
B32: Presentación al Consejo Municipal | C32: 1 | D32: =SUM(E32:O32) -> 0
B33: Presentación ante la Comunidad por parte del Director Regional y Alcalde | C33: 1 | D33: =SUM(E33:O33) -> 0
C34: =SUM(C3:C33) -> 138 | D34: =SUM(D3:D33) -> 37
D35: =D34/C34 -> 0.26811594

Sheet D87 Rio Cuarto
A1: PROGRAMA | B1: D87 RIO CUARTO | C1: META | D1: AVANCE | E1: ENERO | F1: FEBRERO | G1: MARZO | H1: ABRIL | I1: MAYO | J1: JUNIO | K1: JULIO | L1: AGOSTO | M1: SEPTIEMBRE | N1: OCTUBRE | O1: NOVIEMBRE | P1: DICIEMBRE
C2: 2026 | D2: Porcentual
A3: PSCC | B3: Cuatro actividades de Cohesión Social, con las comunidades integradas al Programa de Seguridad Comunitaria, que se localicen, en los distritos que contemplan las área georreferenciadas del informe territorial de la Estrategia Sembremos Seguridad 2024, dos por año, una por semestre. | C3: 2 | D3: =SUM(E3:P3) -> 1 | H3: 1
A4: GREAT/MPAS/DARE | B4: Realizar 2 procesos formativos (Cursos de la oferta de los programas DARE - GREAT - MPAS) en Centros Educativos, Uno por año, dentro de los distritos que contemplan las áreas georreferenciadas del informe territorial de la Estrategia Sembremos Seguridad 2024. En caso de no contar con instructor acreditado DARE, se puede cumplir la meta con las charlas de Habilidades para la vida DARE, con el aval del Coordinador Nacional. | C4: 1 | D4: =SUM(E4:P4) -> 1 | E4: 0 | F4: 0 | G4: 0 | H4: 0 | I4: 1
A5: DARE | B5: Cubrir 2 procesos formativos en Centros Educativos (uno por año) ubicados dentro de los distritos que contemplan las áreas georreferenciadas del informe territorial de la Estrategia Sembremos Seguridad 2024, con los cursos del Programa DARE: , Curso primaria. Curso Secundaria; un nivel completo por centro educativo, por semestre. En caso de no contar con instructor acreditado, se puede cumplir la meta con las charlas de Habilidades para la vida DARE, con el aval del Coordinador Nacional. | C5: 1 | D5: =SUM(E5:P5) -> 0 | E5: 0 | F5: 0 | G5: 0 | H5: 0
A6: PSCC | B6: Cuatro comercios capacitados e integrados al Programa de Seguridad Comercial que se localicen, en los distritos que contemplan las área georreferenciadas del informe territorial de la Estrategia Sembremos Seguridad 2024, dos por año, una por semestre. | C6: 2 | D6: =SUM(E6:P6) -> 1 | G6: 1
A7: PSCC | B7: Cuatro estrategias de divulgación (Por medio de brochures, post o imágenes en redes sociales) diseñadas por la Estrategia de divulgación de la Dirección de Programas Policiales Preventivos, en el tema de "Prevención del Consumo de alcohol en vía pública" dirigidas a las comunidades integradas al Programa de Seguridad Comunitaria y a los comercios integrados al Programa de Seguridad Comercial que se localicen, en los distritos que contemplan las área georreferenciadas del informe territorial de la Estrategia Sembremos Seguridad 2024, dos por año. | C7: 2 | D7: =SUM(E7:P7) -> 1 | F7: 1
A8: PSCC | B8: Cuatro capacitaciones, en el tema de "Denuncia a búnkers", dirigidas a las comunidades integradas al Programa de Seguridad Comunitaria que se localicen, en los distritos que contemplan las área georreferenciadas del informe territorial de la Estrategia Sembremos Seguridad 2024, dos por año, una por semestre. | C8: 2 | D8: =SUM(E8:P8) -> 1 | F8: 1
A9: PSCC | B9: Dos estrategias de divulgación (Por medio de brochures, post o imágenes en redes sociales) en el tema de " cultura Preventiva en lugares peligrosos" dirigidas a las comunidades integradas al Programa de Seguridad Comunitaria que se localicen, en los distritos que contemplan las área georreferenciadas del informe territorial de la Estrategia Sembremos Seguridad 2024, una por año. | C9: 1 | D9: =SUM(E9:P9) -> 1 | F9: 1
A10: PLAN DE POLITICA LOCAL E IMPLEMENTACIÓN DE LA POLITICA LOCAL DE SEGURIDAD | B10: Conformación Comité | C10: 3 | D10: =SUM(E10:O10) -> 3 | G10: 1 | H10: 1 | J10: 1
B11: Conformación de Comercio | C11: 3 | D11: =SUM(E11:O11) -> 1 | G11: 1
B12: Reuniones-Jefaturas | C12: 20 | D12: =SUM(E12:O12) -> 10 | F12: 4 | G12: 1 | I12: 5
B13: Campañas de divulgación | C13: 6 | D13: =SUM(E13:O13) -> 2 | G13: 2
B14: Capacitaciones | C14: 0 | D14: =SUM(E14:O14) -> 0
B15: Charlas | C15: 8 | D15: =SUM(E15:O15) -> 1 | F15: 1
B16: Talleres | C16: 0 | D16: =SUM(E16:O16) -> 0
B17: Sensibilización | C17: 0 | D17: =SUM(E17:O17) -> 0
B18: Actividades deportivas | C18: 0 | D18: =SUM(E18:O18) -> 0
B19: Cine en mi Barrio | C19: 0 | D19: =SUM(E19:O19) -> 0
B20: Cívico-policial | C20: 0 | D20: =SUM(E20:O20) -> 0
B21: Actividades culturales | C21: 0 | D21: =SUM(E21:O21) -> 0
B22: Ferias | C22: 0 | D22: =SUM(E22:O22) -> 0
B23: Stand informativo | C23: 0 | D23: =SUM(E23:O23) -> 0
B24: Visitas | C24: 86 | D24: =SUM(E24:O24) -> 85 | E24: 21 | F24: 21 | G24: 21 | H24: 22
B25: Recuperación del espacio público | C25: 0 | D25: =SUM(E25:O25) -> 0
B26: Convocatoria de Mesas Locales | C26: 3 | D26: =SUM(E26:O26) -> 1 | G26: 1
B27: Exposición Informe Territorial ESS | C27: 3 | D27: =SUM(E27:O27) -> 1 | I27: 1
B28: Primera Sesión de Trabajo | C28: 3 | D28: =SUM(E28:O28) -> 1 | I28: 1
B29: Segunda Sesión - Conformación Secretaria Técnica | C29: 3 | D29: =SUM(E29:O29) -> 0
B30: Tercera Sesión | C30: 3 | D30: =SUM(E30:O30) -> 0
B31: Elaboracióin del Texto de la Política Local | C31: 1 | D31: =SUM(E31:O31) -> 0
B32: Revisión Técnica DPPP | C32: 1 | D32: =SUM(E32:O32) -> 0
B33: Revisión Area Legal Gobierno Local | C33: 1 | D33: =SUM(E33:O33) -> 0
B34: Incorporación de Observaciones | C34: 1 | D34: =SUM(E34:O34) -> 0
B35: Aval del Director Regional | C35: 1 | D35: =SUM(E35:O35) -> 0
B36: Presentación al Consejo Municipal | C36: 1 | D36: =SUM(E36:O36) -> 0
B37: Presentación ante la Comunidad por parte del Director Regional y Alcalde | C37: 1 | D37: =SUM(E37:O37) -> 0
C38: =SUM(C3:C37) -> 159 | D38: =SUM(D3:D37) -> 111
D39: =D38/C38 -> 0.69811321

Sheet Total Región
A1: Delegación | C1: META | D1: AVANCE | E1: % AVANCE
A2: D82E | B2: SAN CARLOS ESTE | C2: ='D82E San Carlos Este'!C36 -> 661 | D2: ='D82E San Carlos Este'!D36 -> 296 | E2: =D2/C2 -> 0.44780635
A3: D82O | B3: SAN CARLOS OESTE | C3: ='D82O San Carlos Oeste'!C34 -> 385 | D3: ='D82O San Carlos Oeste'!D34 -> 114 | E3: =D3/C3 -> 0.2961039
A4: D83 | B4: ZARCERO | C4: ='D83 Zarcero'!C36 -> 203 | D4: ='D83 Zarcero'!D36 -> 98 | E4: =D4/C4 -> 0.48275862
A5: D86 | B5: GUATUSO | C5: ='D86 Guatuso'!C34 -> 138 | D5: ='D86 Guatuso'!D34 -> 37 | E5: =D5/C5 -> 0.26811594
A6: D87 | B6: RIO CUARTO | C6: ='D87 Rio Cuarto'!C38 -> 159 | D6: ='D87 Rio Cuarto'!D38 -> 111 | E6: =D6/C6 -> 0.69811321
B7: Promedio Regional | C7: =SUM(C2:C6) -> 1546 | D7: =SUM(D2:D6) -> 656 | E7: =D7/C7 -> 0.42432083
